zone_id,n_stops,dominant_suburb,centroid_lat,centroid_lon,tsp_time_s,tsp_time_min,current_mean_s,current_std_s,current_p90_s,current_mean_min,gap_mean_s,gap_mean_min,gap_std_s,gap_pct,rer,rer_pct
Z0001,20,Glebe,-33.875872,151.200095,207.1,3.45,226.4,10.3,242.3,3.77,19.4,0.32,10.3,8.6,0.9144,91.4
Z0002,18,Bondi,-33.886923,151.282336,176.7,2.95,215.1,17.5,239.0,3.58,38.3,0.64,17.5,17.8,0.8219,82.2
Z0003,17,Maroubra,-33.940157,151.253278,203.2,3.39,224.2,13.9,240.5,3.74,20.9,0.35,13.9,9.3,0.9066,90.7
Z0004,21,Darlinghurst,-33.872731,151.225953,135.0,2.25,154.8,8.5,167.5,2.58,19.9,0.33,8.5,12.8,0.8717,87.2
Z0005,20,Paddington,-33.886844,151.231264,141.2,2.35,177.2,16.1,197.5,2.95,36.1,0.6,16.1,20.4,0.7965,79.6
Z0006,22,Glebe,-33.890604,151.19192,179.2,2.99,211.5,11.2,220.5,3.53,32.4,0.54,11.2,15.3,0.8469,84.7
Z0007,20,Rose Bay,-33.871218,151.255158,288.0,4.8,343.5,20.4,365.0,5.73,55.5,0.92,20.4,16.1,0.8385,83.9
Z0008,22,Maroubra,-33.949594,151.246578,197.2,3.29,222.3,14.8,240.2,3.7,25.1,0.42,14.8,11.3,0.8871,88.7
Z0009,23,Sydney CBD,-33.860577,151.205735,301.9,5.03,354.8,22.0,390.5,5.91,52.9,0.88,22.0,14.9,0.851,85.1
Z0010,21,Coogee,-33.916696,151.255249,170.6,2.84,207.0,10.8,218.8,3.45,36.4,0.61,10.8,17.6,0.8244,82.4
Z0011,21,Surry Hills,-33.892489,151.207297,147.3,2.46,168.7,10.5,181.4,2.81,21.4,0.36,10.5,12.7,0.8734,87.3
Z0012,20,Alexandria,-33.896419,151.193855,142.0,2.37,158.6,8.8,172.3,2.64,16.6,0.28,8.8,10.5,0.8951,89.5
Z0013,23,Alexandria,-33.905745,151.198766,169.5,2.82,197.2,14.9,215.0,3.29,27.8,0.46,14.9,14.1,0.8592,85.9
Z0014,23,Maroubra,-33.961637,151.263081,415.5,6.92,513.5,33.3,546.4,8.56,98.0,1.63,33.3,19.1,0.8091,80.9
Z0015,16,Bondi,-33.897238,151.275078,149.3,2.49,163.9,11.4,177.5,2.73,14.6,0.24,11.4,8.9,0.911,91.1
Z0016,18,Rose Bay,-33.876401,151.27868,219.5,3.66,243.6,16.3,277.5,4.06,24.1,0.4,16.3,9.9,0.9012,90.1
Z0017,25,Sydney CBD,-33.863491,151.219863,255.0,4.25,282.5,20.7,308.4,4.71,27.5,0.46,20.7,9.7,0.9027,90.3
Z0018,22,Paddington,-33.891838,151.228702,189.5,3.16,207.3,14.8,228.2,3.46,17.8,0.3,14.8,8.6,0.914,91.4
Z0019,15,Coogee,-33.928541,151.268074,232.0,3.87,263.1,15.4,278.9,4.38,31.0,0.52,15.4,11.8,0.882,88.2
Z0020,17,Sydney CBD,-33.84169,151.222821,739.2,12.32,871.8,56.2,940.1,14.53,132.6,2.21,56.2,15.2,0.8479,84.8
Z0021,23,Maroubra,-33.959437,151.23338,458.8,7.65,554.1,50.3,596.1,9.23,95.3,1.59,50.3,17.2,0.828,82.8
Z0022,24,Darlinghurst,-33.872827,151.214046,149.3,2.49,174.6,10.6,184.0,2.91,25.3,0.42,10.6,14.5,0.8551,85.5
Z0023,23,Bondi,-33.883687,151.269726,396.9,6.62,459.6,49.9,536.7,7.66,62.7,1.04,49.9,13.6,0.8637,86.4
Z0024,17,Glebe,-33.880756,151.184797,133.5,2.23,158.1,15.7,177.0,2.63,24.6,0.41,15.7,15.5,0.8446,84.5
Z0025,20,Rose Bay,-33.871517,151.269938,191.9,3.2,211.8,11.2,221.2,3.53,19.9,0.33,11.2,9.4,0.9058,90.6
Z0026,24,Double Bay,-33.885423,151.246276,281.8,4.7,357.8,36.2,414.7,5.96,76.0,1.27,36.2,21.2,0.7876,78.8
Z0027,16,Alexandria,-33.911553,151.189611,260.2,4.34,291.6,25.4,333.8,4.86,31.4,0.52,25.4,10.8,0.8924,89.2
Z0028,15,Bondi,-33.888459,151.271695,137.3,2.29,149.5,8.5,160.8,2.49,12.1,0.2,8.5,8.1,0.9188,91.9
Z0029,24,Maroubra,-33.951441,151.265489,341.3,5.69,396.7,18.4,412.1,6.61,55.4,0.92,18.4,14.0,0.8604,86.0
Z0030,19,Sydney CBD,-33.861677,151.18953,276.1,4.6,339.4,23.8,366.5,5.66,63.3,1.06,23.8,18.7,0.8135,81.3
Z0031,18,Alexandria,-33.91381,151.194521,211.3,3.52,245.4,11.7,259.7,4.09,34.1,0.57,11.7,13.9,0.8609,86.1
Z0032,25,Maroubra,-33.961126,151.248184,304.1,5.07,340.5,22.3,364.1,5.68,36.4,0.61,22.3,10.7,0.8932,89.3
Z0033,19,Bondi,-33.898203,151.281627,238.1,3.97,272.6,21.0,301.9,4.54,34.5,0.58,21.0,12.7,0.8733,87.3
Z0034,17,Surry Hills,-33.882284,151.205572,132.0,2.2,139.8,3.9,144.4,2.33,7.9,0.13,3.9,5.6,0.9438,94.4
Z0035,18,Bondi,-33.908434,151.269063,305.5,5.09,343.9,22.4,373.5,5.73,38.5,0.64,22.4,11.2,0.8882,88.8
Z0036,18,Bondi,-33.898036,151.291147,365.9,6.1,450.5,23.2,481.2,7.51,84.6,1.41,23.2,18.8,0.8122,81.2
Z0037,25,Rose Bay,-33.866718,151.264758,254.8,4.25,269.9,9.4,283.5,4.5,15.1,0.25,9.4,5.6,0.944,94.4
Z0038,25,Maroubra,-33.939134,151.245531,309.5,5.16,383.6,15.8,401.7,6.39,74.1,1.23,15.8,19.3,0.8069,80.7
Z0039,17,Darlinghurst,-33.878063,151.218246,110.6,1.84,120.6,7.7,132.6,2.01,10.0,0.17,7.7,8.3,0.9174,91.7
Z0040,18,Glebe,-33.888653,151.185149,199.2,3.32,254.2,25.3,291.8,4.24,55.1,0.92,25.3,21.7,0.7834,78.3
Z0041,17,Surry Hills,-33.886248,151.197349,125.8,2.1,142.8,10.3,154.1,2.38,17.0,0.28,10.3,11.9,0.8811,88.1
Z0042,18,Surry Hills,-33.887282,151.205492,109.8,1.83,125.0,9.5,136.5,2.08,15.2,0.25,9.5,12.1,0.8787,87.9
Z0043,20,Rose Bay,-33.867949,151.275856,302.0,5.03,338.9,25.8,368.0,5.65,36.9,0.62,25.8,10.9,0.891,89.1
Z0044,25,Double Bay,-33.873391,151.241382,218.4,3.64,238.2,13.8,258.2,3.97,19.8,0.33,13.8,8.3,0.9169,91.7
Z0045,15,Waterloo,-33.900242,151.200995,111.0,1.85,129.2,14.3,154.2,2.15,18.2,0.3,14.3,14.1,0.8591,85.9
Z0046,15,Maroubra,-33.955462,151.248081,155.0,2.58,176.0,10.5,192.0,2.93,21.0,0.35,10.5,11.9,0.8806,88.1
Z0047,20,Maroubra,-33.965616,151.24432,414.8,6.91,491.8,34.8,524.6,8.2,77.1,1.28,34.8,15.7,0.8433,84.3
Z0048,25,Glebe,-33.871728,151.180864,333.1,5.55,360.9,20.5,397.3,6.01,27.8,0.46,20.5,7.7,0.9229,92.3
Z0049,18,Paddington,-33.885047,151.231418,151.6,2.53,170.2,10.4,183.1,2.84,18.6,0.31,10.4,10.9,0.8906,89.1
Z0050,21,Paddington,-33.883175,151.223568,116.3,1.94,131.2,6.9,139.9,2.19,14.9,0.25,6.9,11.4,0.8864,88.6
Z0051,18,Darlinghurst,-33.873823,151.233844,142.9,2.38,174.8,13.2,192.8,2.91,32.0,0.53,13.2,18.3,0.8172,81.7
Z0052,15,Kensington,-33.925668,151.229867,218.2,3.64,280.9,19.7,300.5,4.68,62.7,1.05,19.7,22.3,0.7767,77.7
Z0053,15,Glebe,-33.891544,151.179326,417.0,6.95,486.7,51.1,548.8,8.11,69.7,1.16,51.1,14.3,0.8568,85.7
Z0054,15,Coogee,-33.932748,151.258202,190.5,3.18,218.5,16.5,244.0,3.64,28.0,0.47,16.5,12.8,0.872,87.2
Z0055,15,Bondi,-33.892621,151.277314,166.1,2.77,186.2,9.7,196.0,3.1,20.1,0.33,9.7,10.8,0.8921,89.2
Z0056,24,Bondi,-33.881218,151.264558,237.5,3.96,282.4,23.6,309.4,4.71,45.0,0.75,23.6,15.9,0.8408,84.1
Z0057,20,Surry Hills,-33.888289,151.207507,134.5,2.24,155.8,14.2,172.7,2.6,21.4,0.36,14.2,13.7,0.8628,86.3
Z0058,19,Coogee,-33.921617,151.259607,198.8,3.31,228.7,21.0,255.7,3.81,29.8,0.5,21.0,13.0,0.8695,87.0
Z0059,20,Bondi,-33.879052,151.287843,436.1,7.27,510.5,44.0,584.2,8.51,74.4,1.24,44.0,14.6,0.8542,85.4
Z0060,17,Sydney CBD,-33.838978,151.197054,922.3,15.37,1167.5,95.1,1268.8,19.46,245.2,4.09,95.1,21.0,0.79,79.0
Z0061,22,Double Bay,-33.879622,151.255535,227.8,3.8,256.8,20.5,292.5,4.28,29.0,0.48,20.5,11.3,0.8871,88.7
Z0062,25,Kensington,-33.919381,151.227863,201.3,3.36,227.0,10.8,237.4,3.78,25.7,0.43,10.8,11.3,0.8867,88.7
Z0063,21,Glebe,-33.869292,151.192689,228.9,3.82,284.4,28.2,315.9,4.74,55.5,0.93,28.2,19.5,0.8048,80.5
Z0064,16,Bondi,-33.904207,151.280775,220.8,3.68,262.4,26.4,289.4,4.37,41.6,0.69,26.4,15.8,0.8415,84.2
Z0065,18,Waterloo,-33.911138,151.20716,144.8,2.41,168.4,10.9,178.3,2.81,23.6,0.39,10.9,14.0,0.8599,86.0
Z0066,15,Bondi,-33.902124,151.261625,278.1,4.64,328.4,24.5,355.2,5.47,50.3,0.84,24.5,15.3,0.847,84.7
Z0067,15,Coogee,-33.930408,151.246588,259.0,4.32,284.2,16.8,307.6,4.74,25.2,0.42,16.8,8.9,0.9113,91.1
Z0068,21,Bondi,-33.895275,151.271344,193.0,3.22,224.9,16.9,246.3,3.75,31.8,0.53,16.9,14.2,0.8584,85.8
Z0069,25,Maroubra,-33.94651,151.260726,262.5,4.37,286.8,18.9,317.4,4.78,24.3,0.41,18.9,8.5,0.9151,91.5
Z0070,17,Coogee,-33.916142,151.262188,188.4,3.14,225.8,20.6,256.2,3.76,37.4,0.62,20.6,16.6,0.8343,83.4
Z0071,17,Sydney CBD,-33.858743,151.176635,650.6,10.84,747.3,77.0,885.2,12.45,96.7,1.61,77.0,12.9,0.8706,87.1
Z0072,19,Surry Hills,-33.889243,151.212846,113.4,1.89,137.7,6.7,143.0,2.29,24.3,0.41,6.7,17.7,0.8233,82.3
Z0073,20,Coogee,-33.906778,151.252109,316.1,5.27,374.2,25.0,408.8,6.24,58.1,0.97,25.0,15.5,0.8447,84.5
Z0074,21,Double Bay,-33.874533,151.245602,157.7,2.63,186.9,7.6,197.1,3.12,29.2,0.49,7.6,15.6,0.8439,84.4
Z0075,22,Paddington,-33.89046,151.236113,162.8,2.71,197.6,15.2,207.9,3.29,34.8,0.58,15.2,17.6,0.8239,82.4
Z0076,25,Sydney CBD,-33.863649,151.20819,290.3,4.84,388.4,35.9,424.8,6.47,98.1,1.63,35.9,25.3,0.7475,74.7
Z0077,17,Coogee,-33.915557,151.258419,167.3,2.79,186.0,10.0,199.6,3.1,18.7,0.31,10.0,10.1,0.8994,89.9
Z0078,15,Surry Hills,-33.895397,151.200698,118.2,1.97,138.8,12.7,155.8,2.31,20.6,0.34,12.7,14.9,0.8514,85.1
Z0079,17,Coogee,-33.921091,151.250138,167.9,2.8,197.6,14.0,219.6,3.29,29.7,0.49,14.0,15.0,0.8498,85.0
Z0080,22,Darlinghurst,-33.868749,151.229633,228.6,3.81,256.9,10.1,269.0,4.28,28.3,0.47,10.1,11.0,0.89,89.0
Z0081,15,Maroubra,-33.95795,151.248672,147.8,2.46,169.6,15.0,187.8,2.83,21.7,0.36,15.0,12.8,0.8719,87.2
Z0082,18,Bondi,-33.899975,151.269664,220.6,3.68,244.5,14.6,257.4,4.08,23.9,0.4,14.6,9.8,0.9021,90.2
Z0083,25,Double Bay,-33.870421,151.25112,276.4,4.61,332.1,22.3,361.2,5.54,55.8,0.93,22.3,16.8,0.8321,83.2
Z0084,20,Maroubra,-33.948274,151.24069,240.7,4.01,278.9,19.6,304.2,4.65,38.2,0.64,19.6,13.7,0.8631,86.3
Z0085,15,Kensington,-33.923488,151.214805,325.3,5.42,388.7,29.9,417.4,6.48,63.5,1.06,29.9,16.3,0.8368,83.7
Z0086,18,Coogee,-33.916189,151.246093,208.0,3.47,245.9,17.2,269.5,4.1,37.8,0.63,17.2,15.4,0.8461,84.6
Z0087,17,Darlinghurst,-33.872597,151.219336,110.7,1.85,122.9,9.4,132.7,2.05,12.2,0.2,9.4,9.9,0.9007,90.1
Z0088,19,Coogee,-33.914695,151.268007,286.6,4.78,347.2,26.0,379.1,5.79,60.6,1.01,26.0,17.4,0.8256,82.6
Z0089,18,Bondi,-33.891366,151.28667,187.7,3.13,237.9,9.2,245.4,3.97,50.3,0.84,9.2,21.1,0.7887,78.9
Z0090,19,Alexandria,-33.901101,151.184789,280.5,4.68,325.9,16.4,341.2,5.43,45.4,0.76,16.4,13.9,0.8606,86.1
Z0091,22,Alexandria,-33.905346,151.196164,163.4,2.72,183.5,7.6,193.5,3.06,20.1,0.33,7.6,11.0,0.8905,89.0
Z0092,22,Glebe,-33.886083,151.188564,157.5,2.62,177.1,7.2,183.2,2.95,19.6,0.33,7.2,11.1,0.8892,88.9
Z0093,17,Bondi,-33.897225,151.260636,253.8,4.23,319.7,28.6,350.2,5.33,65.9,1.1,28.6,20.6,0.7938,79.4
Z0094,24,Coogee,-33.913347,151.263003,251.1,4.19,296.3,23.1,322.6,4.94,45.1,0.75,23.1,15.2,0.8477,84.8
Z0095,18,Kensington,-33.900265,151.227535,290.5,4.84,316.1,22.2,335.1,5.27,25.6,0.43,22.2,8.1,0.9191,91.9
Z0096,23,Sydney CBD,-33.852364,151.208443,388.0,6.47,445.8,30.1,479.2,7.43,57.8,0.96,30.1,13.0,0.8703,87.0
Z0097,18,Glebe,-33.878421,151.193023,172.2,2.87,201.2,15.2,218.2,3.35,29.0,0.48,15.2,14.4,0.8558,85.6
Z0098,25,Darlinghurst,-33.874984,151.214948,174.8,2.91,213.1,9.4,223.9,3.55,38.2,0.64,9.4,17.9,0.8206,82.1
Z0099,15,Sydney CBD,-33.863389,151.225314,186.2,3.1,225.2,20.9,253.1,3.75,39.0,0.65,20.9,17.3,0.8269,82.7
Z0100,25,Kensington,-33.924894,151.219346,268.8,4.48,308.1,24.1,347.3,5.13,39.3,0.66,24.1,12.8,0.8724,87.2
Z0101,16,Bondi,-33.888033,151.259046,267.5,4.46,334.6,35.7,375.1,5.58,67.1,1.12,35.7,20.1,0.7995,79.9
Z0102,20,Maroubra,-33.965728,151.256978,363.0,6.05,444.4,43.5,496.3,7.41,81.4,1.36,43.5,18.3,0.8169,81.7
Z0103,16,Bondi,-33.895685,151.277198,122.1,2.03,139.1,10.1,153.7,2.32,17.0,0.28,10.1,12.2,0.8776,87.8
Z0104,21,Maroubra,-33.946111,151.233196,356.6,5.94,404.5,16.4,423.6,6.74,47.9,0.8,16.4,11.8,0.8816,88.2
Z0105,22,Coogee,-33.915524,151.274702,533.6,8.89,678.6,69.7,746.3,11.31,145.0,2.42,69.7,21.4,0.7863,78.6
Z0106,15,Alexandria,-33.91642,151.190202,280.8,4.68,314.1,23.5,358.1,5.23,33.2,0.55,23.5,10.6,0.8941,89.4
Z0107,17,Darlinghurst,-33.86691,151.232519,222.0,3.7,252.4,18.5,278.4,4.21,30.4,0.51,18.5,12.0,0.8796,88.0
Z0108,16,Glebe,-33.87298,151.172542,479.6,7.99,581.0,34.0,633.5,9.68,101.4,1.69,34.0,17.5,0.8254,82.5
Z0109,23,Rose Bay,-33.870163,151.263238,229.0,3.82,281.8,11.6,296.2,4.7,52.8,0.88,11.6,18.7,0.8127,81.3
Z0110,18,Maroubra,-33.953644,151.226226,573.9,9.56,734.2,62.4,792.4,12.24,160.3,2.67,62.4,21.8,0.7817,78.2
Z0111,19,Alexandria,-33.895441,151.186452,250.0,4.17,302.8,19.6,329.9,5.05,52.9,0.88,19.6,17.5,0.8254,82.5
Z0112,19,Coogee,-33.929156,151.263177,305.6,5.09,357.0,21.6,382.8,5.95,51.4,0.86,21.6,14.4,0.8561,85.6
Z0113,15,Surry Hills,-33.883114,151.203355,119.8,2.0,135.9,7.4,144.2,2.27,16.1,0.27,7.4,11.9,0.8813,88.1
Z0114,17,Glebe,-33.883875,151.182246,160.6,2.68,181.1,18.2,210.4,3.02,20.5,0.34,18.2,11.3,0.8866,88.7
Z0115,20,Sydney CBD,-33.880685,151.208298,128.8,2.15,147.8,7.6,154.4,2.46,19.0,0.32,7.6,12.8,0.8715,87.2
Z0116,18,Sydney CBD,-33.868147,151.209146,219.1,3.65,237.5,12.3,250.5,3.96,18.4,0.31,12.3,7.7,0.9226,92.3
Z0117,17,Coogee,-33.912695,151.245263,310.9,5.18,344.8,23.2,370.9,5.75,33.9,0.57,23.2,9.8,0.9016,90.2
Z0118,16,Waterloo,-33.899107,151.201162,104.4,1.74,115.7,6.8,124.2,1.93,11.3,0.19,6.8,9.8,0.9023,90.2
Z0119,23,Bondi,-33.889551,151.274593,250.6,4.18,289.3,22.1,315.2,4.82,38.6,0.64,22.1,13.4,0.8664,86.6
Z0120,18,Paddington,-33.88355,151.233133,125.4,2.09,144.1,4.2,149.4,2.4,18.7,0.31,4.2,13.0,0.8702,87.0
Z0121,21,Maroubra,-33.961773,151.240534,358.3,5.97,383.7,19.8,409.6,6.4,25.4,0.42,19.8,6.6,0.9337,93.4
Z0122,19,Coogee,-33.930301,151.251435,326.5,5.44,415.2,44.0,455.7,6.92,88.7,1.48,44.0,21.4,0.7864,78.6
Z0123,18,Maroubra,-33.965632,151.251042,335.6,5.59,396.6,28.1,416.7,6.61,61.0,1.02,28.1,15.4,0.8462,84.6
Z0124,23,Kensington,-33.917318,151.221617,185.7,3.09,215.1,19.8,238.1,3.59,29.4,0.49,19.8,13.7,0.8632,86.3
Z0125,22,Double Bay,-33.881449,151.244497,213.0,3.55,244.4,16.7,260.5,4.07,31.4,0.52,16.7,12.8,0.8716,87.2
Z0126,18,Bondi,-33.908492,151.277126,448.1,7.47,488.5,28.1,536.8,8.14,40.4,0.67,28.1,8.3,0.9172,91.7
Z0127,20,Bondi,-33.907429,151.289612,730.2,12.17,819.3,46.0,872.3,13.65,89.1,1.49,46.0,10.9,0.8912,89.1
Z0128,24,Maroubra,-33.957628,151.244547,243.3,4.05,271.3,11.4,288.5,4.52,28.0,0.47,11.4,10.3,0.8968,89.7
Z0129,20,Sydney CBD,-33.8749,151.202149,231.2,3.85,284.5,29.1,336.8,4.74,53.3,0.89,29.1,18.7,0.8127,81.3
Z0130,22,Waterloo,-33.904051,151.209902,136.2,2.27,164.5,12.3,175.4,2.74,28.4,0.47,12.3,17.2,0.8276,82.8
Z0131,18,Alexandria,-33.905156,151.181262,300.1,5.0,344.2,31.5,386.3,5.74,44.0,0.73,31.5,12.8,0.8721,87.2
Z0132,16,Glebe,-33.877264,151.184369,222.8,3.71,266.9,23.2,305.2,4.45,44.1,0.74,23.2,16.5,0.8347,83.5
Z0133,20,Waterloo,-33.903461,151.19769,148.1,2.47,175.6,14.2,194.3,2.93,27.6,0.46,14.2,15.7,0.843,84.3
Z0134,24,Kensington,-33.909298,151.237566,435.1,7.25,495.8,33.6,528.9,8.26,60.7,1.01,33.6,12.2,0.8776,87.8
Z0135,19,Bondi,-33.880798,151.269449,177.8,2.96,199.0,17.4,224.0,3.32,21.2,0.35,17.4,10.6,0.8936,89.4
Z0136,15,Maroubra,-33.969962,151.233755,638.7,10.65,723.6,72.5,787.3,12.06,84.9,1.42,72.5,11.7,0.8827,88.3
Z0137,19,Sydney CBD,-33.866466,151.20007,195.7,3.26,204.1,6.5,213.1,3.4,8.5,0.14,6.5,4.2,0.9584,95.8
Z0138,20,Kensington,-33.905824,151.221825,190.9,3.18,251.8,27.7,288.9,4.2,60.9,1.01,27.7,24.2,0.7582,75.8
Z0139,23,Coogee,-33.910218,151.255778,261.5,4.36,296.6,9.7,305.9,4.94,35.1,0.58,9.7,11.8,0.8817,88.2
Z0140,22,Bondi,-33.888349,151.266099,208.8,3.48,251.0,20.3,267.7,4.18,42.2,0.7,20.3,16.8,0.8318,83.2
Z0141,25,Paddington,-33.895522,151.242165,482.4,8.04,548.7,27.8,575.5,9.15,66.3,1.11,27.8,12.1,0.8791,87.9
Z0142,17,Alexandria,-33.898888,151.191212,175.9,2.93,225.7,23.2,253.3,3.76,49.8,0.83,23.2,22.1,0.7792,77.9
Z0143,25,Paddington,-33.884021,151.228453,157.8,2.63,180.3,14.6,197.0,3.0,22.5,0.37,14.6,12.5,0.8753,87.5
Z0144,22,Kensington,-33.921272,151.229876,179.9,3.0,209.5,18.6,235.7,3.49,29.5,0.49,18.6,14.1,0.859,85.9
Z0145,18,Maroubra,-33.940648,151.250229,181.3,3.02,208.7,15.6,220.7,3.48,27.4,0.46,15.6,13.1,0.8689,86.9
Z0146,24,Coogee,-33.914444,151.252063,238.4,3.97,312.1,16.6,329.3,5.2,73.6,1.23,16.6,23.6,0.764,76.4
Z0147,21,Darlinghurst,-33.867525,151.215416,206.1,3.44,239.9,20.8,264.6,4.0,33.8,0.56,20.8,14.1,0.8591,85.9
Z0148,22,Kensington,-33.923901,151.232676,284.6,4.74,311.1,11.7,324.6,5.19,26.5,0.44,11.7,8.5,0.9148,91.5
Z0149,23,Double Bay,-33.880111,151.249464,234.5,3.91,289.8,13.2,299.7,4.83,55.4,0.92,13.2,19.1,0.809,80.9
Z0150,23,Waterloo,-33.906712,151.210869,199.8,3.33,223.7,15.5,244.0,3.73,23.9,0.4,15.5,10.7,0.8932,89.3
Z0151,17,Darlinghurst,-33.872664,151.231573,132.7,2.21,150.1,11.0,169.4,2.5,17.4,0.29,11.0,11.6,0.8842,88.4
Z0152,16,Darlinghurst,-33.871302,151.215617,108.5,1.81,124.9,12.4,142.9,2.08,16.4,0.27,12.4,13.1,0.8688,86.9
Z0153,25,Bondi,-33.901099,151.27937,215.2,3.59,260.1,21.7,282.6,4.34,44.9,0.75,21.7,17.3,0.8274,82.7
Z0154,20,Bondi,-33.904452,151.272381,274.3,4.57,300.7,16.4,324.9,5.01,26.4,0.44,16.4,8.8,0.9121,91.2
Z0155,18,Kensington,-33.912109,151.217798,216.2,3.6,245.4,11.8,265.5,4.09,29.2,0.49,11.8,11.9,0.881,88.1
Z0156,25,Kensington,-33.922928,151.223055,208.4,3.47,233.8,14.2,249.2,3.9,25.4,0.42,14.2,10.8,0.8915,89.2
Z0157,25,Maroubra,-33.959054,151.252355,227.6,3.79,267.7,17.5,291.4,4.46,40.1,0.67,17.5,15.0,0.8502,85.0
Z0158,20,Darlinghurst,-33.877528,151.228929,118.0,1.97,135.2,7.5,142.4,2.25,17.2,0.29,7.5,12.8,0.8725,87.2
Z0159,23,Coogee,-33.92569,151.260133,207.9,3.47,237.7,14.6,251.4,3.96,29.8,0.5,14.6,12.5,0.8746,87.5
Z0160,19,Surry Hills,-33.894207,151.209174,127.0,2.12,150.0,8.9,163.0,2.5,23.1,0.38,8.9,15.4,0.8463,84.6
Z0161,24,Bondi,-33.886433,151.267649,174.3,2.91,204.1,11.3,221.5,3.4,29.7,0.5,11.3,14.6,0.8543,85.4
Z0162,25,Maroubra,-33.945687,151.24541,236.8,3.95,265.6,18.0,288.8,4.43,28.8,0.48,18.0,10.8,0.8916,89.2
Z0163,24,Maroubra,-33.949567,151.252265,189.5,3.16,222.4,18.0,242.1,3.71,33.0,0.55,18.0,14.8,0.8518,85.2
Z0164,19,Waterloo,-33.907758,151.205547,167.7,2.79,184.7,9.6,196.2,3.08,17.0,0.28,9.6,9.2,0.908,90.8
Z0165,20,Coogee,-33.926369,151.275303,483.8,8.06,591.9,32.8,624.7,9.87,108.1,1.8,32.8,18.3,0.8173,81.7
Z0166,21,Sydney CBD,-33.871354,151.196096,203.9,3.4,244.9,18.3,266.4,4.08,41.0,0.68,18.3,16.7,0.8328,83.3
Z0167,17,Bondi,-33.893437,151.283828,172.6,2.88,197.1,12.4,210.8,3.29,24.5,0.41,12.4,12.4,0.8758,87.6
Z0168,21,Glebe,-33.88011,151.169956,510.5,8.51,653.6,25.7,686.3,10.89,143.1,2.39,25.7,21.9,0.7811,78.1
Z0169,15,Surry Hills,-33.891315,151.210951,97.7,1.63,113.6,8.4,122.0,1.89,15.9,0.26,8.4,14.0,0.8604,86.0
Z0170,20,Double Bay,-33.882008,151.238444,155.1,2.58,172.9,12.4,191.6,2.88,17.8,0.3,12.4,10.3,0.897,89.7
Z0171,21,Glebe,-33.878462,151.189201,164.6,2.74,183.3,8.1,192.4,3.05,18.7,0.31,8.1,10.2,0.8981,89.8
Z0172,23,Surry Hills,-33.893257,151.222097,198.5,3.31,219.8,15.3,234.3,3.66,21.2,0.35,15.3,9.7,0.9034,90.3
Z0173,16,Darlinghurst,-33.870508,151.217888,94.7,1.58,102.8,6.5,110.1,1.71,8.1,0.14,6.5,7.9,0.9211,92.1
Z0174,22,Waterloo,-33.891179,151.203837,137.7,2.3,156.5,8.9,169.1,2.61,18.8,0.31,8.9,12.0,0.8801,88.0
Z0175,19,Maroubra,-33.959931,151.27005,697.3,11.62,896.7,100.3,1014.4,14.94,199.4,3.32,100.3,22.2,0.7776,77.8
Z0176,17,Maroubra,-33.954737,151.255092,462.9,7.72,599.1,80.9,695.0,9.99,136.2,2.27,80.9,22.7,0.7726,77.3
Z0177,18,Double Bay,-33.875894,151.248923,274.6,4.58,301.3,17.8,319.9,5.02,26.7,0.44,17.8,8.9,0.9114,91.1
Z0178,23,Paddington,-33.887476,151.227229,164.2,2.74,182.2,8.4,197.3,3.04,18.0,0.3,8.4,9.9,0.9011,90.1
Z0179,15,Maroubra,-33.951501,151.257895,191.3,3.19,206.3,8.1,215.1,3.44,15.1,0.25,8.1,7.3,0.927,92.7
Z0180,18,Waterloo,-33.910013,151.203849,170.5,2.84,198.7,11.8,211.5,3.31,28.2,0.47,11.8,14.2,0.8579,85.8
Z0181,25,Surry Hills,-33.886302,151.202967,163.0,2.72,187.3,8.9,198.0,3.12,24.4,0.41,8.9,13.0,0.8698,87.0
Z0182,18,Glebe,-33.875482,151.182039,178.3,2.97,209.5,16.3,225.6,3.49,31.3,0.52,16.3,14.9,0.8508,85.1
Z0183,15,Bondi,-33.886282,151.295506,435.8,7.26,492.5,22.3,516.5,8.21,56.7,0.95,22.3,11.5,0.8849,88.5
Z0184,22,Alexandria,-33.917238,151.199741,421.8,7.03,491.6,35.9,552.2,8.19,69.8,1.16,35.9,14.2,0.8581,85.8
Z0185,22,Bondi,-33.884895,151.284862,278.3,4.64,327.5,20.8,364.2,5.46,49.2,0.82,20.8,15.0,0.8498,85.0
Z0186,15,Kensington,-33.913842,151.215115,302.9,5.05,369.7,28.0,395.3,6.16,66.8,1.11,28.0,18.1,0.8193,81.9
Z0187,17,Glebe,-33.877719,151.180785,199.2,3.32,242.8,25.6,266.8,4.05,43.6,0.73,25.6,18.0,0.8204,82.0
Z0188,17,Kensington,-33.928491,151.235227,325.0,5.42,414.6,25.1,439.7,6.91,89.6,1.49,25.1,21.6,0.7839,78.4
Z0189,20,Paddington,-33.894018,151.231651,158.4,2.64,180.7,9.6,190.7,3.01,22.3,0.37,9.6,12.3,0.8766,87.7
Z0190,24,Maroubra,-33.934783,151.245915,348.7,5.81,395.4,19.5,416.5,6.59,46.7,0.78,19.5,11.8,0.8818,88.2
Z0191,17,Bondi,-33.891543,151.267116,142.7,2.38,179.3,13.1,201.9,2.99,36.5,0.61,13.1,20.4,0.7961,79.6
Z0192,19,Alexandria,-33.908206,151.192366,206.4,3.44,228.8,13.0,244.8,3.81,22.5,0.37,13.0,9.8,0.9019,90.2
Z0193,19,Kensington,-33.921496,151.235738,203.9,3.4,229.9,13.6,247.0,3.83,26.1,0.43,13.6,11.3,0.8867,88.7
Z0194,23,Bondi,-33.901485,151.267336,279.1,4.65,320.7,30.2,357.5,5.35,41.6,0.69,30.2,13.0,0.8703,87.0
Z0195,21,Kensington,-33.920356,151.210166,493.9,8.23,634.9,50.5,701.6,10.58,141.0,2.35,50.5,22.2,0.7779,77.8
Z0196,20,Darlinghurst,-33.879146,151.215655,115.7,1.93,136.1,9.5,144.6,2.27,20.4,0.34,9.5,15.0,0.85,85.0
Z0197,15,Surry Hills,-33.899357,151.219949,211.0,3.52,233.6,12.9,252.5,3.89,22.6,0.38,12.9,9.7,0.9033,90.3
Z0198,13,Maroubra,-33.9543,151.245624,117.4,1.96,139.1,6.7,147.8,2.32,21.7,0.36,6.7,15.6,0.8443,84.4
Z0199,24,Maroubra,-33.936787,151.259464,334.3,5.57,374.9,17.8,396.7,6.25,40.6,0.68,17.8,10.8,0.8917,89.2
Z0200,18,Bondi,-33.901378,151.283256,273.8,4.56,308.8,21.9,337.8,5.15,35.0,0.58,21.9,11.3,0.8866,88.7
Z0201,21,Glebe,-33.876627,151.196671,195.8,3.26,221.3,13.8,241.4,3.69,25.5,0.43,13.8,11.5,0.8847,88.5
Z0202,22,Glebe,-33.89205,151.187277,244.6,4.08,309.7,22.3,332.7,5.16,65.1,1.09,22.3,21.0,0.7898,79.0
Z0203,22,Glebe,-33.866885,151.18971,248.6,4.14,287.9,15.2,306.2,4.8,39.3,0.66,15.2,13.7,0.8634,86.3
Z0204,20,Coogee,-33.907366,151.262351,293.6,4.89,325.4,17.1,343.1,5.42,31.8,0.53,17.1,9.8,0.9024,90.2
Z0205,24,Kensington,-33.908332,151.219868,221.4,3.69,264.3,12.3,280.9,4.41,43.0,0.72,12.3,16.3,0.8374,83.7
Z0206,24,Double Bay,-33.870665,151.240085,232.6,3.88,278.0,15.6,292.1,4.63,45.4,0.76,15.6,16.3,0.8366,83.7
Z0207,25,Darlinghurst,-33.870521,151.213091,159.5,2.66,176.7,8.5,187.6,2.95,17.2,0.29,8.5,9.7,0.9026,90.3
Z0208,15,Coogee,-33.920341,151.240549,276.9,4.61,338.4,16.0,364.3,5.64,61.6,1.03,16.0,18.2,0.8181,81.8
Z0209,23,Alexandria,-33.893224,151.194756,209.4,3.49,232.8,7.5,239.6,3.88,23.4,0.39,7.5,10.1,0.8994,89.9
Z0210,24,Kensington,-33.914095,151.211781,350.1,5.83,397.4,17.9,417.2,6.62,47.3,0.79,17.9,11.9,0.8811,88.1
Z0211,17,Surry Hills,-33.887259,151.211097,125.2,2.09,141.8,11.5,161.2,2.36,16.6,0.28,11.5,11.7,0.8828,88.3
Z0212,18,Sydney CBD,-33.860926,151.227286,258.8,4.31,296.5,17.8,314.5,4.94,37.7,0.63,17.8,12.7,0.8728,87.3
Z0213,23,Paddington,-33.875727,151.229241,153.3,2.55,183.5,12.4,198.0,3.06,30.3,0.5,12.4,16.5,0.8351,83.5
Z0214,22,Alexandria,-33.923243,151.191324,699.2,11.65,825.5,67.2,933.7,13.76,126.2,2.1,67.2,15.3,0.8471,84.7
Z0215,24,Bondi,-33.893351,151.273964,178.9,2.98,202.6,13.5,218.3,3.38,23.6,0.39,13.5,11.7,0.8833,88.3
Z0216,23,Glebe,-33.873196,151.191194,248.5,4.14,286.0,17.9,301.1,4.77,37.5,0.62,17.9,13.1,0.8689,86.9
Z0217,20,Coogee,-33.918636,151.262246,166.9,2.78,189.8,12.1,203.2,3.16,22.9,0.38,12.1,12.1,0.8792,87.9
Z0218,20,Rose Bay,-33.874669,151.265074,199.4,3.32,216.0,12.0,230.9,3.6,16.6,0.28,12.0,7.7,0.923,92.3
Z0219,18,Bondi,-33.891246,151.279534,159.2,2.65,197.9,8.1,210.1,3.3,38.7,0.65,8.1,19.6,0.8043,80.4
Z0220,25,Maroubra,-33.953298,151.272529,865.7,14.43,1056.3,72.0,1188.3,17.6,190.6,3.18,72.0,18.0,0.8196,82.0
Z0221,24,Alexandria,-33.907293,151.185284,267.3,4.45,329.6,30.0,361.4,5.49,62.3,1.04,30.0,18.9,0.8109,81.1
Z0222,21,Double Bay,-33.873045,151.236564,199.7,3.33,217.9,7.3,225.9,3.63,18.2,0.3,7.3,8.3,0.9167,91.7
Z0223,22,Bondi,-33.886319,151.278012,207.4,3.46,231.4,14.7,254.9,3.86,24.0,0.4,14.7,10.4,0.8964,89.6
Z0224,16,Bondi,-33.897124,151.276624,1118.3,18.64,1374.0,164.0,1703.8,22.9,255.7,4.26,164.0,18.6,0.8139,81.4
Z0225,24,Kensington,-33.929282,151.223275,482.6,8.04,553.9,41.8,607.9,9.23,71.3,1.19,41.8,12.9,0.8713,87.1
Z0226,24,Maroubra,-33.952727,151.241355,257.5,4.29,296.5,14.0,314.8,4.94,39.1,0.65,14.0,13.2,0.8683,86.8
Z0227,24,Alexandria,-33.90637,151.18938,230.0,3.83,273.0,15.9,288.7,4.55,43.0,0.72,15.9,15.8,0.8424,84.2
Z0228,24,Coogee,-33.918805,151.266332,316.2,5.27,348.0,14.2,360.8,5.8,31.9,0.53,14.2,9.2,0.9084,90.8
Z0229,20,Kensington,-33.916125,151.231025,180.4,3.01,209.2,12.5,223.7,3.49,28.8,0.48,12.5,13.8,0.8622,86.2
Z0230,23,Glebe,-33.882191,151.189338,169.3,2.82,196.9,16.2,215.3,3.28,27.6,0.46,16.2,14.0,0.8597,86.0
Z0231,15,Glebe,-33.881535,151.175006,210.3,3.5,236.6,16.0,252.2,3.94,26.3,0.44,16.0,11.1,0.8889,88.9
Z0232,18,Alexandria,-33.912747,151.198295,201.3,3.36,225.2,12.1,237.8,3.75,23.9,0.4,12.1,10.6,0.8939,89.4
Z0233,25,Waterloo,-33.898957,151.197437,151.4,2.52,174.7,8.7,184.0,2.91,23.3,0.39,8.7,13.3,0.8665,86.7
Z0234,18,Sydney CBD,-33.85655,151.219467,264.6,4.41,299.9,23.3,327.9,5.0,35.3,0.59,23.3,11.8,0.8822,88.2
Z0235,21,Sydney CBD,-33.873165,151.20555,141.3,2.36,176.0,11.2,191.0,2.93,34.7,0.58,11.2,19.7,0.8029,80.3
Z0236,25,Coogee,-33.926538,151.249057,257.3,4.29,281.7,12.1,302.0,4.69,24.3,0.41,12.1,8.6,0.9136,91.4
Z0237,24,Waterloo,-33.900937,151.199031,154.6,2.58,184.6,14.4,201.7,3.08,30.0,0.5,14.4,16.2,0.8377,83.8
Z0238,15,Bondi,-33.891984,151.270337,131.5,2.19,160.7,15.7,177.7,2.68,29.2,0.49,15.7,18.2,0.8184,81.8
Z0239,20,Surry Hills,-33.896407,151.220787,201.1,3.35,217.8,11.0,227.5,3.63,16.7,0.28,11.0,7.7,0.9233,92.3
Z0240,21,Sydney CBD,-33.863209,151.197254,271.9,4.53,295.9,19.3,323.5,4.93,24.1,0.4,19.3,8.1,0.9187,91.9
Z0241,15,Glebe,-33.876302,151.18446,145.4,2.42,157.4,9.1,171.2,2.62,12.0,0.2,9.1,7.6,0.9236,92.4
Z0242,21,Rose Bay,-33.877403,151.261202,239.0,3.98,275.3,11.1,293.8,4.59,36.3,0.6,11.1,13.2,0.8682,86.8
Z0243,21,Glebe,-33.867236,151.175947,627.7,10.46,703.3,51.7,752.0,11.72,75.6,1.26,51.7,10.7,0.8925,89.3
Z0244,22,Kensington,-33.920056,151.218744,275.6,4.59,339.1,12.6,356.5,5.65,63.6,1.06,12.6,18.7,0.8126,81.3
Z0245,17,Waterloo,-33.897565,151.201804,89.4,1.49,108.7,7.9,118.8,1.81,19.3,0.32,7.9,17.7,0.8226,82.3
Z0246,15,Rose Bay,-33.878296,151.272057,161.0,2.68,197.9,16.4,217.6,3.3,36.9,0.62,16.4,18.6,0.8135,81.4
Z0247,20,Maroubra,-33.973035,151.258345,731.2,12.19,843.2,37.3,889.8,14.05,112.0,1.87,37.3,13.3,0.8672,86.7
Z0248,18,Waterloo,-33.893392,151.202103,110.6,1.84,128.5,10.7,139.5,2.14,17.9,0.3,10.7,13.9,0.8606,86.1
Z0249,15,Maroubra,-33.946875,151.249625,220.7,3.68,289.9,34.6,325.9,4.83,69.1,1.15,34.6,23.9,0.7615,76.1
Z0250,19,Alexandria,-33.896388,151.198079,131.6,2.19,169.1,15.9,191.6,2.82,37.6,0.63,15.9,22.2,0.7778,77.8
Z0251,24,Coogee,-33.923765,151.253688,190.8,3.18,225.7,14.1,245.2,3.76,34.9,0.58,14.1,15.5,0.8453,84.5
Z0252,17,Glebe,-33.88858,151.189037,159.2,2.65,192.1,13.2,206.0,3.2,32.9,0.55,13.2,17.1,0.8288,82.9
Z0253,19,Darlinghurst,-33.874371,151.230414,135.0,2.25,157.4,12.9,174.8,2.62,22.4,0.37,12.9,14.2,0.8575,85.8
Z0254,20,Coogee,-33.923511,151.249731,204.7,3.41,223.7,9.2,238.2,3.73,19.0,0.32,9.2,8.5,0.9152,91.5
Z0255,21,Paddington,-33.89724,151.234023,362.6,6.04,441.3,34.3,481.5,7.36,78.7,1.31,34.3,17.8,0.8216,82.2
Z0256,16,Surry Hills,-33.8846,151.202746,112.3,1.87,130.2,4.6,135.9,2.17,17.9,0.3,4.6,13.8,0.8624,86.2
Z0257,18,Darlinghurst,-33.875824,151.233456,137.4,2.29,154.9,11.0,176.5,2.58,17.4,0.29,11.0,11.3,0.8875,88.7
Z0258,19,Waterloo,-33.90298,151.212085,156.8,2.61,173.5,15.3,197.6,2.89,16.7,0.28,15.3,9.6,0.9035,90.4
Z0259,16,Rose Bay,-33.867605,151.259618,234.4,3.91,270.6,16.6,291.4,4.51,36.1,0.6,16.6,13.3,0.8666,86.7
Z0260,25,Rose Bay,-33.878434,151.265643,235.8,3.93,253.9,9.6,265.6,4.23,18.1,0.3,9.6,7.1,0.9288,92.9
Z0261,15,Bondi,-33.899414,151.262783,252.0,4.2,304.0,37.6,343.6,5.07,51.9,0.87,37.6,17.1,0.8291,82.9
Z0262,25,Bondi,-33.884355,151.261714,282.5,4.71,341.7,24.0,380.5,5.7,59.2,0.99,24.0,17.3,0.8267,82.7
Z0263,16,Sydney CBD,-33.850887,151.235908,752.7,12.54,959.7,39.3,985.8,16.0,207.1,3.45,39.3,21.6,0.7843,78.4
Z0264,18,Coogee,-33.925134,151.26421,203.6,3.39,236.3,16.3,256.0,3.94,32.6,0.54,16.3,13.8,0.8618,86.2
Z0265,19,Glebe,-33.887893,151.191986,179.4,2.99,196.7,8.1,203.5,3.28,17.3,0.29,8.1,8.8,0.912,91.2
Z0266,20,Coogee,-33.935178,151.252234,252.8,4.21,293.1,24.3,327.5,4.89,40.3,0.67,24.3,13.8,0.8623,86.2
Z0267,17,Double Bay,-33.874219,151.252725,199.3,3.32,226.3,15.2,243.4,3.77,27.0,0.45,15.2,11.9,0.8807,88.1
Z0268,23,Maroubra,-33.959252,151.257841,269.0,4.48,316.9,19.6,342.1,5.28,48.0,0.8,19.6,15.1,0.8487,84.9
Z0269,24,Bondi,-33.890495,151.263023,278.4,4.64,324.5,16.2,341.2,5.41,46.1,0.77,16.2,14.2,0.858,85.8
Z0270,20,Maroubra,-33.961849,151.255473,250.2,4.17,280.7,16.2,307.1,4.68,30.5,0.51,16.2,10.9,0.8913,89.1
Z0271,15,Maroubra,-33.9406,151.228354,475.5,7.93,530.3,47.5,585.2,8.84,54.8,0.91,47.5,10.3,0.8966,89.7
Z0272,15,Kensington,-33.914797,151.218043,143.0,2.38,178.2,8.4,186.5,2.97,35.2,0.59,8.4,19.8,0.8025,80.2
Z0273,16,Coogee,-33.918689,151.255904,132.1,2.2,147.6,6.5,156.4,2.46,15.6,0.26,6.5,10.5,0.8946,89.5
Z0274,20,Coogee,-33.920429,151.27042,343.8,5.73,369.9,30.3,400.9,6.16,26.0,0.43,30.3,7.0,0.9296,93.0
Z0275,25,Sydney CBD,-33.877763,151.20464,234.0,3.9,257.9,10.9,270.4,4.3,23.8,0.4,10.9,9.2,0.9075,90.8
Z0276,18,Coogee,-33.924582,151.25704,145.4,2.42,171.0,13.8,190.3,2.85,25.6,0.43,13.8,15.0,0.8503,85.0
Z0277,18,Glebe,-33.885696,151.191251,153.7,2.56,173.2,11.5,184.3,2.89,19.5,0.33,11.5,11.3,0.8872,88.7
Z0278,20,Maroubra,-33.949878,151.243507,200.8,3.35,224.3,15.6,253.9,3.74,23.5,0.39,15.6,10.5,0.895,89.5
Z0279,25,Double Bay,-33.879463,151.238967,195.2,3.25,215.7,10.0,228.1,3.59,20.4,0.34,10.0,9.5,0.9052,90.5
Z0280,15,Alexandria,-33.912272,151.204741,133.1,2.22,146.5,8.4,156.0,2.44,13.4,0.22,8.4,9.2,0.9083,90.8
Z0281,18,Glebe,-33.883821,151.190547,123.8,2.06,151.3,15.9,173.4,2.52,27.5,0.46,15.9,18.2,0.8182,81.8
Z0282,15,Sydney CBD,-33.857623,151.210342,233.0,3.88,252.3,13.2,271.5,4.2,19.3,0.32,13.2,7.6,0.9237,92.4
Z0283,22,Alexandria,-33.903422,151.18932,177.3,2.95,203.4,13.9,222.6,3.39,26.1,0.43,13.9,12.8,0.8717,87.2
Z0284,20,Rose Bay,-33.873904,151.284174,376.0,6.27,444.9,35.2,506.8,7.42,69.0,1.15,35.2,15.5,0.845,84.5
Z0285,25,Sydney CBD,-33.874862,151.211417,159.7,2.66,182.7,11.9,198.6,3.05,23.0,0.38,11.9,12.6,0.8743,87.4
Z0286,16,Glebe,-33.882838,151.184981,114.6,1.91,123.5,5.9,132.0,2.06,8.9,0.15,5.9,7.2,0.9278,92.8
Z0287,25,Rose Bay,-33.87271,151.261445,263.2,4.39,309.5,17.5,335.5,5.16,46.3,0.77,17.5,15.0,0.8503,85.0
Z0288,23,Alexandria,-33.910674,151.194444,213.8,3.56,248.5,12.4,265.0,4.14,34.8,0.58,12.4,14.0,0.8601,86.0
Z0289,19,Glebe,-33.887108,151.182239,257.7,4.3,294.1,15.7,314.2,4.9,36.3,0.61,15.7,12.4,0.8764,87.6
Z0290,25,Glebe,-33.890839,151.174942,736.7,12.28,813.5,48.8,880.3,13.56,76.8,1.28,48.8,9.4,0.9056,90.6
Z0291,25,Waterloo,-33.901752,151.20967,155.2,2.59,176.3,11.8,193.2,2.94,21.0,0.35,11.8,11.9,0.8807,88.1
Z0292,19,Surry Hills,-33.881415,151.19806,143.8,2.4,161.6,12.2,176.2,2.69,17.8,0.3,12.2,11.0,0.89,89.0
Z0293,24,Kensington,-33.924955,151.225997,248.4,4.14,300.2,21.9,328.1,5.0,51.8,0.86,21.9,17.3,0.8274,82.7
Z0294,20,Paddington,-33.885165,151.238024,169.5,2.82,199.8,18.3,217.8,3.33,30.3,0.51,18.3,15.2,0.8481,84.8
Z0295,21,Paddington,-33.885845,151.228291,133.8,2.23,153.9,10.9,167.5,2.56,20.1,0.34,10.9,13.1,0.8694,86.9
Z0296,21,Paddington,-33.875619,151.237766,169.5,2.83,190.0,10.9,198.5,3.17,20.4,0.34,10.9,10.7,0.8925,89.3
Z0297,16,Glebe,-33.88325,151.196919,118.8,1.98,140.5,8.9,150.2,2.34,21.7,0.36,8.9,15.4,0.8457,84.6
Z0298,21,Bondi,-33.895054,151.279982,184.5,3.07,212.3,9.3,222.1,3.54,27.8,0.46,9.3,13.1,0.8691,86.9
Z0299,24,Sydney CBD,-33.865981,151.213794,232.5,3.87,285.3,11.1,295.8,4.76,52.9,0.88,11.1,18.5,0.8148,81.5
Z0300,24,Double Bay,-33.863672,151.245864,688.9,11.48,816.5,51.1,876.8,13.61,127.6,2.13,51.1,15.6,0.8437,84.4
Z0301,24,Surry Hills,-33.891221,151.213465,152.9,2.55,171.3,9.4,186.0,2.86,18.4,0.31,9.4,10.7,0.8927,89.3
Z0302,16,Glebe,-33.885342,151.178493,216.5,3.61,288.1,26.7,329.5,4.8,71.6,1.19,26.7,24.9,0.7515,75.1
Z0303,23,Sydney CBD,-33.850237,151.189167,1041.7,17.36,1311.4,116.9,1496.4,21.86,269.7,4.49,116.9,20.6,0.7944,79.4
Z0304,21,Surry Hills,-33.885146,151.211745,161.0,2.68,191.0,7.0,198.8,3.18,30.0,0.5,7.0,15.7,0.8427,84.3
Z0305,20,Coogee,-33.925496,151.244122,352.1,5.87,390.5,30.6,432.4,6.51,38.3,0.64,30.6,9.8,0.9018,90.2
Z0306,15,Coogee,-33.910369,151.265649,233.6,3.89,250.4,12.1,263.7,4.17,16.8,0.28,12.1,6.7,0.933,93.3
Z0307,16,Waterloo,-33.895488,151.207331,112.7,1.88,138.0,8.1,147.3,2.3,25.3,0.42,8.1,18.3,0.8166,81.7
Z0308,23,Paddington,-33.884956,151.242169,266.9,4.45,309.2,24.9,337.5,5.15,42.3,0.71,24.9,13.7,0.8632,86.3
Z0309,20,Sydney CBD,-33.8452,151.208074,527.9,8.8,596.6,33.5,629.6,9.94,68.6,1.14,33.5,11.5,0.885,88.5
Z0310,18,Sydney CBD,-33.855581,151.225662,367.5,6.12,399.1,21.2,413.5,6.65,31.6,0.53,21.2,7.9,0.9208,92.1
Z0311,23,Alexandria,-33.903559,151.200313,147.8,2.46,173.6,17.3,197.1,2.89,25.8,0.43,17.3,14.9,0.8514,85.1
Z0312,23,Surry Hills,-33.88914,151.19746,177.9,2.97,208.3,9.9,217.7,3.47,30.4,0.51,9.9,14.6,0.8542,85.4
Z0313,20,Kensington,-33.915591,151.239574,340.3,5.67,387.1,20.6,410.3,6.45,46.8,0.78,20.6,12.1,0.879,87.9
Z0314,21,Bondi,-33.882976,151.273668,204.5,3.41,232.4,16.7,255.6,3.87,27.9,0.46,16.7,12.0,0.8801,88.0
Z0315,21,Darlinghurst,-33.877255,151.212081,139.4,2.32,155.5,7.8,165.6,2.59,16.1,0.27,7.8,10.3,0.8966,89.7
Z0316,25,Glebe,-33.880624,151.181338,203.9,3.4,235.7,15.4,254.1,3.93,31.8,0.53,15.4,13.5,0.8652,86.5
Z0317,20,Bondi,-33.879371,151.278743,221.8,3.7,264.4,14.5,286.0,4.41,42.6,0.71,14.5,16.1,0.8388,83.9
Z0318,21,Surry Hills,-33.890408,151.208102,147.7,2.46,159.3,8.8,175.0,2.66,11.6,0.19,8.8,7.3,0.9272,92.7
Z0319,23,Alexandria,-33.901532,151.196266,152.7,2.54,189.0,13.2,203.8,3.15,36.3,0.61,13.2,19.2,0.8079,80.8
Z0320,20,Sydney CBD,-33.861228,151.209732,224.2,3.74,261.2,8.0,268.9,4.35,37.0,0.62,8.0,14.2,0.8583,85.8
Z0321,19,Rose Bay,-33.869302,151.281465,368.5,6.14,436.5,22.8,469.0,7.27,68.0,1.13,22.8,15.6,0.8443,84.4
Z0322,24,Paddington,-33.881746,151.241205,191.7,3.2,241.3,11.0,251.3,4.02,49.6,0.83,11.0,20.5,0.7945,79.5
Z0323,21,Bondi,-33.878036,151.269037,206.8,3.45,248.4,13.7,262.2,4.14,41.6,0.69,13.7,16.8,0.8325,83.2
Z0324,19,Maroubra,-33.948173,151.254694,200.0,3.33,252.6,17.5,274.6,4.21,52.6,0.88,17.5,20.8,0.7917,79.2
Z0325,19,Kensington,-33.919034,151.233609,218.2,3.64,234.8,10.5,254.6,3.91,16.6,0.28,10.5,7.1,0.9294,92.9
Z0326,24,Darlinghurst,-33.867711,151.221721,166.6,2.78,186.1,15.0,202.8,3.1,19.5,0.33,15.0,10.5,0.895,89.5
Z0327,21,Coogee,-33.917888,151.249795,232.8,3.88,279.2,20.0,307.7,4.65,46.4,0.77,20.0,16.6,0.834,83.4
Z0328,19,Surry Hills,-33.892073,151.219121,136.9,2.28,161.4,15.2,179.1,2.69,24.5,0.41,15.2,15.2,0.848,84.8
Z0329,25,Alexandria,-33.910518,151.188772,197.3,3.29,221.8,16.4,250.8,3.7,24.5,0.41,16.4,11.0,0.8895,89.0
Z0330,24,Bondi,-33.896334,151.26741,283.4,4.72,328.4,24.2,367.0,5.47,45.0,0.75,24.2,13.7,0.8631,86.3
Z0331,16,Alexandria,-33.903956,151.186379,179.3,2.99,210.5,17.2,234.8,3.51,31.2,0.52,17.2,14.8,0.8516,85.2
Z0332,22,Glebe,-33.880571,151.188011,162.1,2.7,176.9,8.3,185.7,2.95,14.9,0.25,8.3,8.4,0.9159,91.6
Z0333,16,Waterloo,-33.90952,151.216444,161.4,2.69,183.3,14.3,197.7,3.06,22.0,0.37,14.3,12.0,0.8802,88.0
Z0334,23,Double Bay,-33.871755,151.243636,220.9,3.68,268.8,22.7,294.0,4.48,47.9,0.8,22.7,17.8,0.8219,82.2
Z0335,22,Surry Hills,-33.89294,151.225936,181.0,3.02,214.5,18.5,238.9,3.57,33.5,0.56,18.5,15.6,0.8438,84.4
Z0336,22,Alexandria,-33.902941,151.194814,136.8,2.28,161.1,5.9,167.3,2.68,24.3,0.4,5.9,15.1,0.8495,84.9
Z0337,24,Sydney CBD,-33.862942,151.238153,446.4,7.44,505.9,30.2,540.9,8.43,59.5,0.99,30.2,11.8,0.8823,88.2
Z0338,23,Maroubra,-33.944164,151.251418,219.4,3.66,235.6,9.3,246.2,3.93,16.2,0.27,9.3,6.9,0.9312,93.1
Z0339,15,Sydney CBD,-33.871847,151.201358,144.7,2.41,162.6,8.2,173.9,2.71,17.9,0.3,8.2,11.0,0.8901,89.0
Z0340,21,Bondi,-33.898605,151.272101,201.3,3.36,224.4,13.8,238.1,3.74,23.1,0.39,13.8,10.3,0.897,89.7
Z0341,17,Rose Bay,-33.856526,151.269919,613.3,10.22,719.6,54.5,769.1,11.99,106.3,1.77,54.5,14.8,0.8523,85.2
Z0342,21,Surry Hills,-33.883555,151.200597,145.9,2.43,165.3,10.4,177.2,2.75,19.4,0.32,10.4,11.8,0.8824,88.2
Z0343,23,Coogee,-33.928297,151.256226,337.1,5.62,395.6,19.8,418.2,6.59,58.5,0.98,19.8,14.8,0.852,85.2
Z0344,16,Maroubra,-33.945133,151.248717,165.4,2.76,171.8,6.6,181.9,2.86,6.4,0.11,6.6,3.7,0.963,96.3
Z0345,19,Glebe,-33.87413,151.195494,198.1,3.3,244.7,21.9,264.3,4.08,46.6,0.78,21.9,19.0,0.8095,81.0
Z0346,19,Coogee,-33.934038,151.263581,338.8,5.65,404.7,22.1,429.5,6.74,65.9,1.1,22.1,16.3,0.8373,83.7
Z0347,17,Paddington,-33.879717,151.235011,162.3,2.7,192.1,11.0,203.2,3.2,29.9,0.5,11.0,15.5,0.8445,84.5
Z0348,15,Sydney CBD,-33.879313,151.195987,158.9,2.65,181.9,16.9,208.6,3.03,22.9,0.38,16.9,12.6,0.8739,87.4
Z0349,23,Maroubra,-33.972566,151.247927,683.8,11.4,830.6,45.2,878.0,13.84,146.7,2.45,45.2,17.7,0.8233,82.3
Z0350,15,Bondi,-33.897741,151.261648,417.7,6.96,466.2,30.1,506.9,7.77,48.6,0.81,30.1,10.4,0.8958,89.6
Z0351,16,Surry Hills,-33.901416,151.21682,135.1,2.25,168.3,13.4,184.8,2.8,33.2,0.55,13.4,19.7,0.8028,80.3
Z0352,24,Bondi,-33.880001,151.275168,231.3,3.85,273.3,15.9,292.2,4.55,42.0,0.7,15.9,15.4,0.8462,84.6
Z0353,22,Maroubra,-33.945175,151.240182,266.7,4.44,317.9,19.2,344.4,5.3,51.2,0.85,19.2,16.1,0.8388,83.9
Z0354,18,Darlinghurst,-33.881057,151.224056,147.5,2.46,164.0,9.4,178.1,2.73,16.5,0.27,9.4,10.1,0.8994,89.9
Z0355,19,Coogee,-33.933137,151.255369,234.4,3.91,270.5,19.7,295.6,4.51,36.1,0.6,19.7,13.4,0.8664,86.6
Z0356,25,Sydney CBD,-33.860329,151.22211,289.9,4.83,318.2,12.4,335.2,5.3,28.3,0.47,12.4,8.9,0.911,91.1
Z0357,20,Maroubra,-33.951596,151.249105,175.2,2.92,201.3,13.7,220.3,3.35,26.1,0.44,13.7,13.0,0.8703,87.0
Z0358,17,Sydney CBD,-33.859673,151.186317,503.2,8.39,584.3,38.9,650.0,9.74,81.1,1.35,38.9,13.9,0.8612,86.1
Z0359,23,Maroubra,-33.952251,151.235137,347.9,5.8,391.5,23.0,419.9,6.53,43.7,0.73,23.0,11.1,0.8885,88.9
Z0360,25,Kensington,-33.920404,151.222537,217.6,3.63,240.2,9.5,249.4,4.0,22.6,0.38,9.5,9.4,0.9059,90.6
Z0361,25,Glebe,-33.876217,151.19126,207.5,3.46,238.2,12.2,255.4,3.97,30.7,0.51,12.2,12.9,0.8712,87.1
Z0362,24,Sydney CBD,-33.8705,151.206251,220.5,3.68,259.8,12.0,274.1,4.33,39.3,0.66,12.0,15.1,0.8487,84.9
Z0363,25,Rose Bay,-33.864356,151.269442,344.4,5.74,383.7,33.8,445.5,6.4,39.3,0.66,33.8,10.2,0.8975,89.8
Z0364,24,Paddington,-33.888673,151.239234,260.5,4.34,305.5,23.4,348.6,5.09,45.1,0.75,23.4,14.8,0.8525,85.2
Z0365,16,Bondi,-33.89975,151.276072,169.6,2.83,225.6,21.9,255.8,3.76,56.0,0.93,21.9,24.8,0.7517,75.2
Z0366,15,Glebe,-33.880603,151.195769,194.4,3.24,219.0,14.2,238.6,3.65,24.6,0.41,14.2,11.2,0.8877,88.8
Z0367,18,Alexandria,-33.907644,151.195765,171.7,2.86,193.9,13.9,217.0,3.23,22.2,0.37,13.9,11.5,0.8854,88.5
Z0368,17,Paddington,-33.875925,151.226628,98.8,1.65,116.3,6.5,122.4,1.94,17.5,0.29,6.5,15.0,0.8498,85.0
Z0369,18,Double Bay,-33.869305,151.246902,276.8,4.61,304.6,12.2,320.1,5.08,27.8,0.46,12.2,9.1,0.9088,90.9
Z0370,15,Darlinghurst,-33.874132,151.208586,116.8,1.95,129.5,6.6,135.1,2.16,12.7,0.21,6.6,9.8,0.902,90.2
Z0371,21,Sydney CBD,-33.865884,151.19369,261.2,4.35,298.1,19.0,321.4,4.97,36.8,0.61,19.0,12.4,0.8764,87.6
Z0372,18,Sydney CBD,-33.849367,151.202007,436.3,7.27,512.2,33.2,551.8,8.54,75.9,1.26,33.2,14.8,0.8518,85.2
Z0373,15,Paddington,-33.888287,151.234831,149.5,2.49,168.2,16.6,193.3,2.8,18.7,0.31,16.6,11.1,0.8889,88.9
Z0374,24,Paddington,-33.891148,151.224403,148.2,2.47,188.8,9.9,198.2,3.15,40.6,0.68,9.9,21.5,0.7849,78.5
Z0375,19,Maroubra,-33.95194,151.245675,151.3,2.52,170.1,9.2,181.8,2.84,18.8,0.31,9.2,11.1,0.8893,88.9
Z0376,16,Double Bay,-33.877381,151.256771,173.0,2.88,196.3,11.4,207.2,3.27,23.4,0.39,11.4,11.9,0.881,88.1
Z0377,24,Paddington,-33.883839,151.235858,171.0,2.85,215.9,16.7,237.0,3.6,44.9,0.75,16.7,20.8,0.7919,79.2
Z0378,25,Surry Hills,-33.879693,151.205669,193.1,3.22,241.9,19.5,266.7,4.03,48.8,0.81,19.5,20.2,0.7983,79.8
Z0379,15,Glebe,-33.87856,151.185751,120.1,2.0,139.1,18.0,168.6,2.32,19.0,0.32,18.0,13.6,0.8635,86.4
Z0380,20,Bondi,-33.887985,151.287829,258.7,4.31,307.8,16.5,320.6,5.13,49.1,0.82,16.5,15.9,0.8405,84.1
Z0381,18,Rose Bay,-33.862406,151.275922,393.2,6.55,448.4,22.9,472.6,7.47,55.2,0.92,22.9,12.3,0.8768,87.7
Z0382,20,Alexandria,-33.91064,151.201428,174.3,2.91,205.1,12.6,219.8,3.42,30.7,0.51,12.6,15.0,0.8502,85.0
Z0383,22,Sydney CBD,-33.859203,151.200493,312.6,5.21,347.9,19.1,367.3,5.8,35.3,0.59,19.1,10.1,0.8986,89.9
Z0384,17,Sydney CBD,-33.858606,151.232225,402.4,6.71,469.8,19.4,496.3,7.83,67.4,1.12,19.4,14.3,0.8566,85.7
Z0385,18,Coogee,-33.911605,151.250187,249.3,4.15,287.2,17.2,311.3,4.79,37.9,0.63,17.2,13.2,0.868,86.8
Z0386,21,Sydney CBD,-33.85027,151.222178,540.8,9.01,595.3,33.6,641.6,9.92,54.5,0.91,33.6,9.1,0.9085,90.9
Z0387,20,Rose Bay,-33.874514,151.272088,167.0,2.78,205.2,17.0,220.5,3.42,38.2,0.64,17.0,18.6,0.8138,81.4
Z0388,17,Sydney CBD,-33.865778,151.209451,160.4,2.67,195.4,14.0,211.5,3.26,35.0,0.58,14.0,17.9,0.8209,82.1
Z0389,22,Darlinghurst,-33.870517,151.233074,164.8,2.75,194.8,19.8,220.2,3.25,30.0,0.5,19.8,15.4,0.846,84.6
Z0390,25,Sydney CBD,-33.863197,151.213657,254.8,4.25,300.1,15.3,319.4,5.0,45.3,0.75,15.3,15.1,0.8492,84.9
Z0391,22,Bondi,-33.889751,151.26988,136.8,2.28,156.0,14.4,177.5,2.6,19.2,0.32,14.4,12.3,0.8767,87.7
Z0392,24,Maroubra,-33.941776,151.236881,379.1,6.32,475.4,26.8,495.2,7.92,96.3,1.61,26.8,20.3,0.7974,79.7
Z0393,23,Rose Bay,-33.872581,151.25728,281.4,4.69,322.7,15.1,338.5,5.38,41.3,0.69,15.1,12.8,0.8722,87.2
Z0394,16,Paddington,-33.890403,151.24562,286.0,4.77,313.7,16.2,334.3,5.23,27.7,0.46,16.2,8.8,0.9116,91.2
Z0395,20,Rose Bay,-33.871741,151.26563,195.0,3.25,209.6,9.5,219.3,3.49,14.6,0.24,9.5,7.0,0.9305,93.0
Z0396,25,Glebe,-33.876556,151.176079,312.8,5.21,354.8,20.7,388.6,5.91,42.0,0.7,20.7,11.8,0.8816,88.2
Z0397,22,Maroubra,-33.942336,151.247409,224.3,3.74,291.7,16.8,313.9,4.86,67.5,1.12,16.8,23.1,0.7688,76.9
Z0398,17,Sydney CBD,-33.86562,151.22278,164.8,2.75,184.0,10.5,198.9,3.07,19.1,0.32,10.5,10.4,0.8961,89.6
Z0399,21,Surry Hills,-33.888475,151.200739,150.1,2.5,165.4,9.8,177.9,2.76,15.3,0.25,9.8,9.2,0.9077,90.8
Z0400,17,Kensington,-33.924194,151.238052,215.4,3.59,260.3,30.3,294.6,4.34,44.9,0.75,30.3,17.2,0.8277,82.8
Z0401,22,Sydney CBD,-33.875436,151.206596,165.6,2.76,214.5,14.0,231.1,3.57,48.9,0.81,14.0,22.8,0.7721,77.2
Z0402,24,Sydney CBD,-33.85906,151.194558,404.6,6.74,476.0,39.8,524.1,7.93,71.4,1.19,39.8,15.0,0.85,85.0
Z0403,25,Glebe,-33.867499,151.18304,386.3,6.44,431.2,28.9,473.5,7.19,44.9,0.75,28.9,10.4,0.8959,89.6
Z0404,17,Double Bay,-33.873476,151.249006,313.1,5.22,414.1,26.7,459.0,6.9,101.0,1.68,26.7,24.4,0.7561,75.6
Z0405,17,Maroubra,-33.943722,151.262914,244.7,4.08,268.7,12.2,283.6,4.48,24.0,0.4,12.2,8.9,0.9107,91.1
Z0406,20,Surry Hills,-33.888717,151.203468,134.7,2.24,151.4,9.5,160.6,2.52,16.7,0.28,9.5,11.0,0.8898,89.0
Z0407,18,Coogee,-33.905336,151.258673,315.4,5.26,349.8,22.9,380.9,5.83,34.3,0.57,22.9,9.8,0.9018,90.2
Z0408,17,Alexandria,-33.914188,151.201831,149.2,2.49,177.1,20.6,212.8,2.95,27.9,0.47,20.6,15.8,0.8424,84.2
Z0409,18,Maroubra,-33.93799,151.255862,195.6,3.26,218.3,14.6,241.0,3.64,22.7,0.38,14.6,10.4,0.8959,89.6
Z0410,22,Coogee,-33.920027,151.244991,251.4,4.19,276.0,17.5,303.4,4.6,24.6,0.41,17.5,8.9,0.9108,91.1
Z0411,23,Surry Hills,-33.888579,151.215432,145.5,2.42,167.2,6.9,175.8,2.79,21.8,0.36,6.9,13.0,0.8698,87.0
Z0412,22,Maroubra,-33.941973,151.243185,293.2,4.89,345.8,23.2,371.0,5.76,52.6,0.88,23.2,15.2,0.8479,84.8
Z0413,20,Sydney CBD,-33.867113,151.205653,191.2,3.19,220.9,19.4,246.3,3.68,29.8,0.5,19.4,13.5,0.8653,86.5
Z0414,18,Glebe,-33.882002,151.177346,344.6,5.74,478.7,61.8,551.0,7.98,134.1,2.23,61.8,28.0,0.7199,72.0
Z0415,22,Sydney CBD,-33.863751,151.231246,243.7,4.06,286.0,16.9,308.1,4.77,42.3,0.71,16.9,14.8,0.852,85.2
Z0416,25,Waterloo,-33.897521,151.199674,123.6,2.06,143.7,7.6,152.7,2.39,20.0,0.33,7.6,14.0,0.8605,86.0
Z0417,21,Surry Hills,-33.889535,151.205145,115.5,1.92,139.6,10.0,154.9,2.33,24.1,0.4,10.0,17.3,0.8273,82.7
Z0418,25,Alexandria,-33.908669,151.199322,218.1,3.63,262.7,17.5,293.8,4.38,44.6,0.74,17.5,17.0,0.8301,83.0
Z0419,18,Darlinghurst,-33.870846,151.229242,117.6,1.96,143.1,8.7,151.9,2.39,25.5,0.43,8.7,17.8,0.8217,82.2
Z0420,24,Darlinghurst,-33.882777,151.22614,160.8,2.68,178.9,11.5,190.3,2.98,18.2,0.3,11.5,10.1,0.8985,89.9
Z0421,20,Paddington,-33.893341,151.237604,257.5,4.29,313.1,12.1,331.1,5.22,55.5,0.93,12.1,17.7,0.8226,82.3
Z0422,19,Coogee,-33.92148,151.256582,153.5,2.56,179.7,14.1,196.8,3.0,26.2,0.44,14.1,14.6,0.854,85.4
Z0423,20,Bondi,-33.893383,151.263958,212.4,3.54,252.3,10.9,266.8,4.21,39.9,0.66,10.9,15.8,0.8419,84.2
Z0424,23,Maroubra,-33.945855,151.267174,608.7,10.14,813.2,36.5,854.8,13.55,204.5,3.41,36.5,25.2,0.7485,74.8
Z0425,24,Bondi,-33.889979,151.255658,440.3,7.34,488.7,37.2,538.6,8.14,48.3,0.81,37.2,9.9,0.9011,90.1
Z0426,23,Bondi,-33.888761,151.279184,207.9,3.47,244.0,8.9,258.6,4.07,36.1,0.6,8.9,14.8,0.8522,85.2
Z0427,21,Kensington,-33.921172,151.225869,177.7,2.96,211.4,14.7,225.2,3.52,33.7,0.56,14.7,15.9,0.8405,84.1
Z0428,25,Alexandria,-33.906326,151.201165,159.7,2.66,180.6,9.7,192.5,3.01,20.9,0.35,9.7,11.6,0.8841,88.4
Z0429,20,Paddington,-33.888914,151.229304,134.4,2.24,154.5,9.4,168.6,2.58,20.1,0.33,9.4,13.0,0.8701,87.0
Z0430,18,Paddington,-33.877541,151.238521,143.1,2.39,156.2,9.1,171.4,2.6,13.1,0.22,9.1,8.4,0.9162,91.6
Z0431,25,Sydney CBD,-33.855625,151.214581,347.0,5.78,440.1,29.8,471.6,7.34,93.1,1.55,29.8,21.2,0.7885,78.8
Z0432,17,Coogee,-33.91249,151.255136,163.6,2.73,188.6,11.3,201.2,3.14,24.9,0.42,11.3,13.2,0.8677,86.8
Z0433,20,Darlinghurst,-33.872962,151.217065,128.1,2.14,138.3,7.5,148.8,2.31,10.2,0.17,7.5,7.4,0.9261,92.6
Z0434,16,Sydney CBD,-33.868878,151.197033,159.6,2.66,191.1,15.8,206.0,3.18,31.5,0.52,15.8,16.5,0.8351,83.5
Z0435,18,Alexandria,-33.913344,151.178682,569.1,9.49,626.5,32.8,667.1,10.44,57.4,0.96,32.8,9.2,0.9084,90.8
Z0436,20,Darlinghurst,-33.86848,151.223274,332.8,5.55,360.5,27.1,392.1,6.01,27.8,0.46,27.1,7.7,0.923,92.3
Z0437,17,Waterloo,-33.905947,151.207846,149.5,2.49,170.1,9.5,180.9,2.83,20.5,0.34,9.5,12.1,0.8792,87.9
Z0438,16,Kensington,-33.928957,151.215757,351.0,5.85,449.9,43.7,498.8,7.5,99.0,1.65,43.7,22.0,0.78,78.0
Z0439,16,Paddington,-33.88747,151.224589,90.4,1.51,113.4,8.5,121.2,1.89,22.9,0.38,8.5,20.2,0.7977,79.8
Z0440,21,Glebe,-33.87621,151.188016,157.6,2.63,187.1,14.3,202.3,3.12,29.5,0.49,14.3,15.8,0.8423,84.2
Z0441,19,Bondi,-33.893139,151.291609,295.1,4.92,346.9,39.4,414.7,5.78,51.7,0.86,39.4,14.9,0.8509,85.1
Z0442,16,Maroubra,-33.935606,151.238808,375.3,6.25,408.9,17.6,428.7,6.81,33.6,0.56,17.6,8.2,0.9179,91.8
Z0443,15,Coogee,-33.923894,151.254681,261.5,4.36,361.8,65.8,422.2,6.03,100.3,1.67,65.8,27.7,0.7228,72.3
Z0444,15,Maroubra,-33.95827,151.240141,201.5,3.36,230.6,16.6,249.6,3.84,29.2,0.49,16.6,12.6,0.8735,87.4
Z0445,16,Bondi,-33.899029,151.250641,403.2,6.72,451.4,36.1,496.5,7.52,48.2,0.8,36.1,10.7,0.8932,89.3
Z0446,19,Glebe,-33.884463,151.186762,171.6,2.86,194.3,12.7,210.7,3.24,22.7,0.38,12.7,11.7,0.8831,88.3
Z0447,14,Surry Hills,-33.886196,151.207656,108.1,1.8,125.2,8.0,135.3,2.09,17.1,0.28,8.0,13.6,0.8635,86.4
Z0448,20,Maroubra,-33.937631,151.269638,509.0,8.48,583.6,26.8,615.2,9.73,74.6,1.24,26.8,12.8,0.8721,87.2
Z0449,21,Glebe,-33.897068,151.182064,264.1,4.4,306.6,25.4,334.4,5.11,42.5,0.71,25.4,13.9,0.8614,86.1
Z0450,18,Waterloo,-33.907386,151.214991,166.7,2.78,202.4,13.5,220.0,3.37,35.7,0.6,13.5,17.7,0.8235,82.3
Z0451,15,Maroubra,-33.956823,151.254941,190.9,3.18,214.7,12.3,230.6,3.58,23.8,0.4,12.3,11.1,0.8891,88.9
Z0452,15,Bondi,-33.893296,151.269765,206.6,3.44,288.1,20.8,310.4,4.8,81.5,1.36,20.8,28.3,0.717,71.7
Z0453,19,Rose Bay,-33.864429,151.280252,433.5,7.22,493.7,30.9,538.4,8.23,60.3,1.0,30.9,12.2,0.878,87.8
Z0454,22,Waterloo,-33.904801,151.214887,182.3,3.04,215.8,15.9,237.2,3.6,33.5,0.56,15.9,15.5,0.845,84.5
Z0455,24,Glebe,-33.872102,151.187743,229.6,3.83,275.2,23.1,308.1,4.59,45.5,0.76,23.1,16.5,0.8345,83.5
Z0456,15,Maroubra,-33.933937,151.231421,421.6,7.03,489.2,40.8,552.8,8.15,67.5,1.13,40.8,13.8,0.862,86.2
Z0457,15,Coogee,-33.908164,151.246942,293.4,4.89,364.6,40.3,409.9,6.08,71.2,1.19,40.3,19.5,0.8048,80.5
Z0458,19,Alexandria,-33.917021,151.195154,217.0,3.62,259.0,15.7,282.1,4.32,42.0,0.7,15.7,16.2,0.8379,83.8
Z0459,20,Maroubra,-33.955379,151.239512,209.8,3.5,257.2,31.1,294.1,4.29,47.4,0.79,31.1,18.4,0.8156,81.6
Z0460,22,Surry Hills,-33.89086,151.195184,164.7,2.75,192.4,15.3,212.8,3.21,27.7,0.46,15.3,14.4,0.8561,85.6
Z0461,22,Darlinghurst,-33.872355,151.223561,152.6,2.54,170.1,12.1,191.9,2.84,17.5,0.29,12.1,10.3,0.8969,89.7
Z0462,18,Surry Hills,-33.888311,151.194821,164.7,2.74,194.7,16.3,216.0,3.25,30.0,0.5,16.3,15.4,0.8458,84.6
Z0463,22,Alexandria,-33.893668,151.191945,228.6,3.81,281.1,17.5,294.0,4.69,52.5,0.87,17.5,18.7,0.8133,81.3
Z0464,18,Darlinghurst,-33.866837,151.226118,210.0,3.5,239.6,21.9,281.6,3.99,29.7,0.49,21.9,12.4,0.8762,87.6
Z0465,19,Coogee,-33.923049,151.266817,266.0,4.43,304.1,15.8,321.7,5.07,38.1,0.63,15.8,12.5,0.8748,87.5
Z0466,23,Sydney CBD,-33.855102,151.202957,348.6,5.81,403.0,25.6,435.1,6.72,54.3,0.91,25.6,13.5,0.8652,86.5
Z0467,21,Sydney CBD,-33.870848,151.209851,207.4,3.46,226.3,16.8,249.5,3.77,18.9,0.32,16.8,8.4,0.9163,91.6
Z0468,16,Paddington,-33.874984,151.225286,118.0,1.97,138.4,3.4,142.7,2.31,20.4,0.34,3.4,14.7,0.8525,85.3
Z0469,19,Bondi,-33.890297,151.283151,210.5,3.51,240.9,15.3,262.2,4.01,30.4,0.51,15.3,12.6,0.8739,87.4
Z0470,23,Double Bay,-33.883879,151.253563,388.9,6.48,423.4,24.3,443.1,7.06,34.6,0.58,24.3,8.2,0.9184,91.8
Z0471,19,Coogee,-33.919061,151.258807,164.4,2.74,194.5,19.2,216.4,3.24,30.1,0.5,19.2,15.5,0.8454,84.5
Z0472,19,Rose Bay,-33.875012,151.269091,232.5,3.88,241.2,6.3,246.2,4.02,8.7,0.14,6.3,3.6,0.9639,96.4
Z0473,19,Surry Hills,-33.897598,151.224179,207.6,3.46,241.9,9.5,255.2,4.03,34.3,0.57,9.5,14.2,0.8582,85.8
Z0474,21,Maroubra,-33.948194,151.258144,221.5,3.69,257.5,11.5,272.0,4.29,36.0,0.6,11.5,14.0,0.8602,86.0
Z0475,15,Coogee,-33.929766,151.252308,184.3,3.07,209.7,19.2,236.5,3.5,25.4,0.42,19.2,12.1,0.8787,87.9
Z0476,25,Coogee,-33.92232,151.26298,193.4,3.22,218.3,10.6,229.8,3.64,24.9,0.42,10.6,11.4,0.8858,88.6
Z0477,18,Surry Hills,-33.881554,151.202872,136.2,2.27,161.0,9.8,173.8,2.68,24.8,0.41,9.8,15.4,0.8459,84.6
Z0478,19,Alexandria,-33.896482,151.190911,171.6,2.86,202.6,15.1,221.5,3.38,31.0,0.52,15.1,15.3,0.847,84.7
Z0479,15,Sydney CBD,-33.873478,151.203481,162.3,2.71,196.0,16.4,214.2,3.27,33.7,0.56,16.4,17.2,0.828,82.8
Z0480,19,Kensington,-33.916378,151.217497,300.1,5.0,342.8,26.6,381.0,5.71,42.8,0.71,26.6,12.5,0.8752,87.5
Z0481,24,Maroubra,-33.953086,151.250906,201.9,3.36,226.5,15.8,245.3,3.77,24.6,0.41,15.8,10.9,0.8914,89.1
Z0482,25,Rose Bay,-33.862486,151.264233,426.6,7.11,481.3,30.9,512.5,8.02,54.7,0.91,30.9,11.4,0.8864,88.6
Z0483,25,Darlinghurst,-33.870076,151.226092,213.2,3.55,231.5,11.4,243.9,3.86,18.3,0.3,11.4,7.9,0.921,92.1
Z0484,21,Kensington,-33.910822,151.213698,196.3,3.27,221.4,10.0,234.2,3.69,25.1,0.42,10.0,11.3,0.8868,88.7
Z0485,18,Sydney CBD,-33.867786,151.186179,236.6,3.94,324.5,16.7,346.3,5.41,87.9,1.47,16.7,27.1,0.7291,72.9
Z0486,17,Maroubra,-33.948689,151.249721,154.4,2.57,180.9,9.7,188.8,3.01,26.4,0.44,9.7,14.6,0.8538,85.4
Z0487,25,Rose Bay,-33.868172,151.271732,277.3,4.62,311.8,18.1,329.3,5.2,34.5,0.58,18.1,11.1,0.8892,88.9
Z0488,21,Paddington,-33.877195,151.234919,159.5,2.66,182.2,15.1,205.0,3.04,22.7,0.38,15.1,12.4,0.8755,87.6
Z0489,24,Rose Bay,-33.864638,151.25607,452.6,7.54,537.0,35.5,590.6,8.95,84.5,1.41,35.5,15.7,0.8427,84.3
Z0490,25,Waterloo,-33.891347,151.205589,140.8,2.35,160.6,7.4,170.4,2.68,19.8,0.33,7.4,12.3,0.877,87.7
Z0491,19,Rose Bay,-33.88136,151.259263,237.9,3.96,264.6,16.2,288.3,4.41,26.7,0.45,16.2,10.1,0.8989,89.9
Z0492,18,Bondi,-33.896077,151.286584,259.3,4.32,293.7,22.1,322.5,4.89,34.3,0.57,22.1,11.7,0.8831,88.3
Z0493,17,Double Bay,-33.883481,151.24831,250.9,4.18,292.5,33.7,333.0,4.87,41.6,0.69,33.7,14.2,0.8577,85.8
Z0494,22,Sydney CBD,-33.878892,151.201366,215.5,3.59,243.3,18.3,266.9,4.05,27.8,0.46,18.3,11.4,0.8858,88.6
Z0495,18,Glebe,-33.884941,151.193799,153.6,2.56,173.9,14.1,197.5,2.9,20.2,0.34,14.1,11.6,0.8837,88.4
Z0496,17,Alexandria,-33.914316,151.185629,398.5,6.64,458.0,19.4,474.9,7.63,59.5,0.99,19.4,13.0,0.87,87.0
Z0497,19,Kensington,-33.916488,151.224712,136.5,2.27,162.1,12.8,183.7,2.7,25.6,0.43,12.8,15.8,0.842,84.2
Z0498,15,Kensington,-33.914928,151.223837,127.8,2.13,152.2,13.5,166.4,2.54,24.4,0.41,13.5,16.0,0.84,84.0
Z0499,15,Kensington,-33.911327,151.227034,123.2,2.05,135.3,9.7,146.6,2.25,12.1,0.2,9.7,9.0,0.9105,91.0
Z0500,18,Kensington,-33.912797,151.225871,157.2,2.62,179.4,17.1,199.9,2.99,22.2,0.37,17.1,12.4,0.8762,87.6
Z0501,24,Kensington,-33.918461,151.224655,176.6,2.94,205.5,14.2,228.2,3.43,28.9,0.48,14.2,14.1,0.8595,85.9
Z0502,19,Kensington,-33.916417,151.226536,152.5,2.54,184.4,12.4,197.8,3.07,31.9,0.53,12.4,17.3,0.8269,82.7
Z0503,22,Kensington,-33.91007,151.224384,166.3,2.77,178.9,7.4,189.4,2.98,12.5,0.21,7.4,7.0,0.93,93.0
Z0504,21,Kensington,-33.911528,151.222192,213.1,3.55,226.9,7.5,236.2,3.78,13.8,0.23,7.5,6.1,0.9392,93.9
Z0505,24,Kensington,-33.913909,151.229443,192.7,3.21,233.3,18.8,257.0,3.89,40.5,0.68,18.8,17.4,0.8262,82.6
Z0506,17,Kensington,-33.910945,151.230553,235.1,3.92,269.0,15.3,287.5,4.48,33.9,0.56,15.3,12.6,0.8741,87.4
Z0507,16,Kensington,-33.91648,151.228167,121.2,2.02,130.1,6.9,140.8,2.17,8.8,0.15,6.9,6.8,0.9321,93.2
Z0508,17,Kensington,-33.916335,151.233604,147.3,2.45,173.9,12.2,189.5,2.9,26.6,0.44,12.2,15.3,0.847,84.7
Z0509,24,Kensington,-33.913782,151.234493,243.7,4.06,289.9,18.5,311.4,4.83,46.2,0.77,18.5,15.9,0.8408,84.1
Z0510,19,Kensington,-33.913931,151.221528,166.9,2.78,190.8,7.9,201.5,3.18,23.9,0.4,7.9,12.5,0.8747,87.5
Z0511,15,Kensington,-33.909618,151.227457,257.6,4.29,313.8,44.1,373.8,5.23,56.2,0.94,44.1,17.9,0.821,82.1
Z0512,22,Maroubra,-33.952069,151.254559,188.1,3.13,229.9,18.3,256.7,3.83,41.8,0.7,18.3,18.2,0.8181,81.8
Z0513,16,Maroubra,-33.943945,151.255857,178.4,2.97,216.6,11.2,231.4,3.61,38.3,0.64,11.2,17.7,0.8233,82.3
Z0514,18,Maroubra,-33.945469,151.255429,210.8,3.51,248.5,20.7,283.0,4.14,37.7,0.63,20.7,15.2,0.8481,84.8
Z0515,16,Maroubra,-33.956348,151.250356,196.6,3.28,228.9,14.0,237.9,3.82,32.3,0.54,14.0,14.1,0.8589,85.9
Z0516,25,Maroubra,-33.955577,151.261183,309.2,5.15,340.7,22.6,376.2,5.68,31.4,0.52,22.6,9.2,0.9078,90.8
Z0517,25,Maroubra,-33.951865,151.262153,442.5,7.38,500.5,32.1,534.8,8.34,58.0,0.97,32.1,11.6,0.8842,88.4
Z0518,25,Maroubra,-33.940896,151.258956,300.3,5.01,335.9,20.2,368.1,5.6,35.6,0.59,20.2,10.6,0.894,89.4
Z0519,18,Maroubra,-33.937832,151.251699,286.6,4.78,321.0,22.2,350.6,5.35,34.4,0.57,22.2,10.7,0.8929,89.3
Z0520,16,Coogee,-33.919402,151.253009,114.1,1.9,141.8,13.0,158.7,2.36,27.7,0.46,13.0,19.6,0.8044,80.4
Z0521,15,Coogee,-33.920539,151.253762,177.8,2.96,207.8,16.6,231.6,3.46,30.1,0.5,16.6,14.5,0.8554,85.5
Z0522,15,Coogee,-33.913608,151.259623,118.5,1.97,143.3,18.9,170.1,2.39,24.8,0.41,18.9,17.3,0.8268,82.7
Z0523,21,Coogee,-33.91262,151.258467,195.4,3.26,234.5,23.6,266.8,3.91,39.2,0.65,23.6,16.7,0.833,83.3
Z0524,19,Bondi,-33.901968,151.275268,218.7,3.64,279.4,17.9,299.6,4.66,60.7,1.01,17.9,21.7,0.7827,78.3
Z0525,25,Bondi,-33.885888,151.275163,196.6,3.28,220.7,15.3,238.8,3.68,24.1,0.4,15.3,10.9,0.891,89.1
Z0526,20,Bondi,-33.882558,151.281607,360.9,6.02,437.4,43.0,488.5,7.29,76.5,1.28,43.0,17.5,0.825,82.5
Z0527,15,Bondi,-33.883699,151.267326,172.4,2.87,193.3,11.4,211.2,3.22,20.9,0.35,11.4,10.8,0.8918,89.2
Z0528,21,Bondi,-33.885252,151.271705,169.3,2.82,190.7,7.9,200.5,3.18,21.4,0.36,7.9,11.2,0.8879,88.8
Z0529,20,Bondi,-33.882892,151.278177,205.0,3.42,233.7,11.7,250.5,3.9,28.8,0.48,11.7,12.3,0.877,87.7
Z0530,19,Rose Bay,-33.871548,151.27387,178.8,2.98,203.6,10.3,220.2,3.39,24.7,0.41,10.3,12.2,0.8784,87.8
Z0531,20,Rose Bay,-33.872814,151.276843,224.4,3.74,258.3,18.1,281.4,4.3,33.8,0.56,18.1,13.1,0.869,86.9
Z0532,24,Rose Bay,-33.876672,151.274922,205.2,3.42,229.8,15.7,248.5,3.83,24.6,0.41,15.7,10.7,0.8929,89.3
Z0533,25,Rose Bay,-33.869225,151.267249,256.3,4.27,284.9,21.6,307.7,4.75,28.6,0.48,21.6,10.0,0.8997,90.0
Z0534,17,Paddington,-33.872743,151.228434,132.1,2.2,160.5,10.1,171.6,2.67,28.4,0.47,10.1,17.7,0.8232,82.3
Z0535,16,Darlinghurst,-33.877394,151.216254,65.8,1.1,87.7,7.2,96.5,1.46,22.0,0.37,7.2,25.0,0.7496,75.0
Z0536,18,Kensington,-33.904891,151.230985,220.3,3.67,285.1,25.4,309.0,4.75,64.7,1.08,25.4,22.7,0.7729,77.3
Z0537,23,Kensington,-33.902717,151.237041,445.4,7.42,513.1,33.7,554.1,8.55,67.6,1.13,33.7,13.2,0.8681,86.8
Z0538,17,Waterloo,-33.90695,151.203836,130.6,2.18,161.0,9.5,173.2,2.68,30.4,0.51,9.5,18.9,0.8111,81.1
Z0539,17,Alexandria,-33.903407,151.192484,115.6,1.93,130.2,7.6,136.0,2.17,14.7,0.24,7.6,11.3,0.8873,88.7
Z0540,25,Alexandria,-33.905087,151.193464,184.5,3.08,204.3,12.4,220.0,3.4,19.7,0.33,12.4,9.7,0.9035,90.3
Z0541,25,Waterloo,-33.904374,151.205568,161.7,2.69,198.2,9.3,208.5,3.3,36.5,0.61,9.3,18.4,0.8158,81.6
Z0542,17,Alexandria,-33.898576,151.195055,162.8,2.71,203.9,31.5,246.0,3.4,41.1,0.69,31.5,20.2,0.7983,79.8
Z0543,15,Alexandria,-33.898955,151.193942,110.5,1.84,128.3,7.1,138.5,2.14,17.8,0.3,7.1,13.9,0.8614,86.1
Z0544,13,Surry Hills,-33.890584,151.220394,81.4,1.36,98.9,10.7,111.2,1.65,17.5,0.29,10.7,17.7,0.8229,82.3
Z0545,23,Surry Hills,-33.902146,151.214756,263.0,4.38,328.5,21.8,355.7,5.47,65.4,1.09,21.8,19.9,0.8008,80.1
Z0546,25,Surry Hills,-33.899729,151.213359,199.6,3.33,252.8,8.9,262.7,4.21,53.2,0.89,8.9,21.0,0.7895,79.0
Z0547,23,Waterloo,-33.901196,151.201914,160.8,2.68,187.0,14.8,201.5,3.12,26.2,0.44,14.8,14.0,0.8598,86.0
Z0548,23,Waterloo,-33.909612,151.209134,203.2,3.39,246.4,15.1,261.5,4.11,43.2,0.72,15.1,17.5,0.8246,82.5
Z0549,16,Alexandria,-33.914302,151.207298,299.5,4.99,350.0,34.0,393.2,5.83,50.6,0.84,34.0,14.5,0.8555,85.5
Z0550,21,Paddington,-33.891425,151.232952,173.3,2.89,189.5,10.3,205.8,3.16,16.2,0.27,10.3,8.6,0.9145,91.4
Z0551,15,Paddington,-33.887165,151.234029,156.2,2.6,177.7,10.8,191.2,2.96,21.5,0.36,10.8,12.1,0.8792,87.9
Z0552,25,Waterloo,-33.896022,151.202534,132.6,2.21,150.5,10.3,162.9,2.51,17.9,0.3,10.3,11.9,0.8813,88.1
Z0553,22,Waterloo,-33.900306,151.207758,104.4,1.74,126.1,9.0,140.1,2.1,21.7,0.36,9.0,17.2,0.8279,82.8
Z0554,16,Paddington,-33.886143,151.224982,103.2,1.72,119.5,12.5,135.6,1.99,16.3,0.27,12.5,13.7,0.8633,86.3
Z0555,25,Waterloo,-33.895527,151.19623,136.0,2.27,164.6,8.6,179.1,2.74,28.6,0.48,8.6,17.4,0.8261,82.6
Z0556,25,Paddington,-33.895807,151.228301,270.3,4.51,291.4,21.4,320.7,4.86,21.1,0.35,21.4,7.2,0.9276,92.8
Z0557,23,Kensington,-33.903953,151.224875,214.1,3.57,263.9,16.4,288.0,4.4,49.8,0.83,16.4,18.9,0.8114,81.1
Z0558,18,Kensington,-33.90541,151.227637,167.0,2.78,187.3,10.4,204.7,3.12,20.3,0.34,10.4,10.8,0.8917,89.2
Z0559,20,Kensington,-33.908037,151.229392,202.3,3.37,235.2,12.8,250.1,3.92,32.9,0.55,12.8,14.0,0.8601,86.0
Z0560,22,Kensington,-33.907563,151.225586,215.3,3.59,246.4,12.9,262.3,4.11,31.1,0.52,12.9,12.6,0.8737,87.4
Z0561,19,Surry Hills,-33.898106,151.2063,109.5,1.83,121.4,9.5,134.6,2.02,11.9,0.2,9.5,9.8,0.9018,90.2
Z0562,17,Waterloo,-33.897993,151.208461,137.2,2.29,154.6,9.0,166.4,2.58,17.4,0.29,9.0,11.2,0.8875,88.8
Z0563,25,Waterloo,-33.904458,151.203236,143.2,2.39,182.8,9.7,197.4,3.05,39.6,0.66,9.7,21.7,0.7833,78.3
Z0564,19,Waterloo,-33.898047,151.204848,99.5,1.66,123.8,9.5,136.7,2.06,24.3,0.4,9.5,19.6,0.8037,80.4
Z0565,18,Waterloo,-33.89896,151.203461,142.1,2.37,163.9,10.1,174.3,2.73,21.8,0.36,10.1,13.3,0.8671,86.7
Z0566,22,Alexandria,-33.902896,151.202484,153.7,2.56,172.0,11.5,185.3,2.87,18.2,0.3,11.5,10.6,0.8939,89.4
Z0567,16,Waterloo,-33.907109,151.20269,102.5,1.71,135.1,14.9,153.9,2.25,32.6,0.54,14.9,24.2,0.7584,75.8
Z0568,17,Waterloo,-33.898303,151.216021,161.3,2.69,187.4,9.5,199.1,3.12,26.2,0.44,9.5,14.0,0.8604,86.0
Z0569,24,Surry Hills,-33.895897,151.21685,188.6,3.14,210.2,11.3,224.4,3.5,21.6,0.36,11.3,10.3,0.8971,89.7
Z0570,15,Waterloo,-33.89889,151.208076,134.6,2.24,145.9,7.4,153.5,2.43,11.3,0.19,7.4,7.8,0.9223,92.2
Z0571,22,Surry Hills,-33.898997,151.210448,135.7,2.26,159.2,14.0,180.6,2.65,23.5,0.39,14.0,14.8,0.8525,85.2
Z0572,18,Surry Hills,-33.891705,151.216201,150.4,2.51,169.7,10.6,182.3,2.83,19.3,0.32,10.6,11.4,0.8861,88.6
Z0573,17,Waterloo,-33.902184,151.206931,87.4,1.46,98.1,7.5,110.5,1.64,10.7,0.18,7.5,10.9,0.8913,89.1
Z0574,17,Waterloo,-33.896231,151.209447,131.7,2.19,145.6,9.9,157.9,2.43,13.9,0.23,9.9,9.6,0.9043,90.4
Z0575,25,Surry Hills,-33.897137,151.211382,151.8,2.53,175.8,10.4,188.1,2.93,24.0,0.4,10.4,13.6,0.8636,86.4
Z0576,20,Surry Hills,-33.893558,151.212428,166.3,2.77,206.1,9.6,219.0,3.44,39.9,0.66,9.6,19.3,0.8067,80.7
Z0577,19,Waterloo,-33.895438,151.214285,227.0,3.78,256.0,19.6,284.8,4.27,29.1,0.48,19.6,11.4,0.8865,88.6
Z0578,23,Surry Hills,-33.892673,151.210063,118.2,1.97,141.2,12.4,154.2,2.35,23.0,0.38,12.4,16.3,0.8371,83.7
Z0579,15,Surry Hills,-33.890133,151.210768,173.4,2.89,216.5,13.6,228.4,3.61,43.1,0.72,13.6,19.9,0.8009,80.1
Z0580,23,Surry Hills,-33.895227,151.212107,140.3,2.34,148.8,5.3,153.5,2.48,8.5,0.14,5.3,5.7,0.943,94.3
Z0581,15,Surry Hills,-33.895128,151.213863,89.5,1.49,113.6,16.4,128.1,1.89,24.1,0.4,16.4,21.2,0.7879,78.8
Z0582,16,Surry Hills,-33.891234,151.198602,106.3,1.77,117.8,7.0,129.1,1.96,11.5,0.19,7.0,9.7,0.9026,90.3
Z0583,16,Darlinghurst,-33.874351,151.219974,86.3,1.44,102.2,10.1,114.7,1.7,15.9,0.27,10.1,15.6,0.8443,84.4
Z0584,22,Alexandria,-33.900832,151.192855,135.1,2.25,158.2,8.5,169.0,2.64,23.2,0.39,8.5,14.6,0.8536,85.4
Z0585,22,Alexandria,-33.901285,151.190626,125.5,2.09,149.4,12.9,169.7,2.49,23.8,0.4,12.9,16.0,0.8403,84.0
Z0586,25,Paddington,-33.88255,151.230763,167.6,2.79,190.4,13.3,209.5,3.17,22.8,0.38,13.3,12.0,0.8805,88.0
Z0587,25,Kensington,-33.902878,151.220374,273.3,4.55,353.2,10.3,366.4,5.89,79.9,1.33,10.3,22.6,0.7738,77.4
Z0588,20,Glebe,-33.880674,151.191976,163.1,2.72,186.3,10.4,200.3,3.11,23.2,0.39,10.4,12.5,0.8754,87.5
Z0589,16,Double Bay,-33.876333,151.253316,163.4,2.72,185.0,10.6,195.3,3.08,21.6,0.36,10.6,11.7,0.883,88.3
Z0590,14,Paddington,-33.87899,151.224325,80.2,1.34,89.1,7.1,97.0,1.48,8.9,0.15,7.1,9.9,0.9005,90.1
Z0591,15,Alexandria,-33.900493,151.17615,599.7,10.0,675.7,49.8,760.1,11.26,76.0,1.27,49.8,11.2,0.8876,88.8
Z0592,22,Paddington,-33.880207,151.23036,183.3,3.06,221.3,12.6,235.9,3.69,37.9,0.63,12.6,17.1,0.8287,82.9
Z0593,16,Surry Hills,-33.887049,151.219784,110.1,1.84,128.6,11.3,145.8,2.14,18.5,0.31,11.3,14.4,0.8562,85.6
Z0594,24,Darlinghurst,-33.885857,151.222149,120.6,2.01,139.5,6.7,150.1,2.33,18.9,0.32,6.7,13.6,0.8642,86.4
Z0595,17,Paddington,-33.888196,151.222139,122.5,2.04,139.7,9.2,150.1,2.33,17.2,0.29,9.2,12.3,0.877,87.7
Z0596,15,Paddington,-33.888757,151.223756,96.2,1.6,107.1,6.8,115.2,1.79,11.0,0.18,6.8,10.2,0.8976,89.8
Z0597,16,Waterloo,-33.893324,151.205425,116.8,1.95,143.8,7.4,152.1,2.4,27.0,0.45,7.4,18.8,0.8124,81.2
Z0598,15,Waterloo,-33.893753,151.203839,129.5,2.16,151.0,5.7,157.9,2.52,21.5,0.36,5.7,14.2,0.8577,85.8
Z0599,24,Surry Hills,-33.883621,151.208378,158.5,2.64,188.2,13.1,205.1,3.14,29.7,0.5,13.1,15.8,0.842,84.2
Z0600,24,Double Bay,-33.87683,151.241589,192.7,3.21,218.6,14.0,237.2,3.64,26.0,0.43,14.0,11.9,0.8812,88.1
Z0601,20,Waterloo,-33.900306,151.205129,105.9,1.76,134.6,10.7,144.9,2.24,28.7,0.48,10.7,21.3,0.7867,78.7
Z0602,21,Waterloo,-33.902282,151.204511,132.1,2.2,148.5,5.3,154.2,2.47,16.4,0.27,5.3,11.0,0.8895,89.0
Z0603,15,Waterloo,-33.901284,151.20585,66.3,1.1,77.7,4.0,81.7,1.3,11.4,0.19,4.0,14.7,0.8529,85.3
Z0604,19,Paddington,-33.878489,151.230395,110.5,1.84,128.2,8.1,134.0,2.14,17.7,0.3,8.1,13.8,0.8617,86.2
Z0605,25,Paddington,-33.877637,151.232171,182.3,3.04,212.6,11.3,225.2,3.54,30.4,0.51,11.3,14.3,0.8572,85.7
Z0606,17,Surry Hills,-33.8821,151.212203,111.7,1.86,136.7,9.4,146.5,2.28,25.0,0.42,9.4,18.3,0.8171,81.7
Z0607,21,Surry Hills,-33.8811,151.214389,143.8,2.4,161.2,9.3,174.5,2.69,17.4,0.29,9.3,10.8,0.8919,89.2
Z0608,21,Surry Hills,-33.886998,151.213625,127.8,2.13,143.6,7.4,152.0,2.39,15.8,0.26,7.4,11.0,0.8897,89.0
Z0609,21,Surry Hills,-33.886425,151.215199,153.3,2.55,175.5,13.5,190.9,2.93,22.2,0.37,13.5,12.7,0.8733,87.3
Z0610,19,Double Bay,-33.876992,151.244369,138.7,2.31,163.7,12.8,181.9,2.73,25.0,0.42,12.8,15.2,0.8475,84.8
Z0611,18,Double Bay,-33.878961,151.245286,130.4,2.17,167.3,14.9,188.2,2.79,36.9,0.62,14.9,22.1,0.7793,77.9
Z0612,19,Surry Hills,-33.88647,151.209226,119.7,2.0,132.9,10.0,143.4,2.22,13.2,0.22,10.0,9.9,0.9007,90.1
Z0613,21,Waterloo,-33.895421,151.204765,121.8,2.03,136.7,7.8,145.1,2.28,14.9,0.25,7.8,10.9,0.8913,89.1
Z0614,21,Waterloo,-33.896752,151.205462,107.7,1.8,118.2,4.6,123.4,1.97,10.5,0.17,4.6,8.9,0.9112,91.1
Z0615,25,Paddington,-33.88937,151.231553,163.5,2.73,198.1,9.5,207.0,3.3,34.6,0.58,9.5,17.5,0.8254,82.5
Z0616,15,Paddington,-33.892829,151.234033,187.0,3.12,226.8,20.3,252.2,3.78,39.8,0.66,20.3,17.5,0.8246,82.5
Z0617,20,Paddington,-33.878241,151.227477,102.9,1.72,116.4,9.7,129.1,1.94,13.5,0.22,9.7,11.6,0.8844,88.4
Z0618,24,Darlinghurst,-33.87706,151.225272,125.7,2.1,141.5,5.6,146.7,2.36,15.8,0.26,5.6,11.2,0.8881,88.8
Z0619,16,Alexandria,-33.901796,151.192634,787.0,13.12,953.9,192.7,1245.6,15.9,166.9,2.78,192.7,17.5,0.825,82.5
Z0620,21,Surry Hills,-33.881077,151.217448,115.3,1.92,131.7,7.7,141.1,2.2,16.4,0.27,7.7,12.5,0.8755,87.5
Z0621,19,Darlinghurst,-33.877634,151.220361,96.3,1.61,108.6,6.7,112.9,1.81,12.3,0.21,6.7,11.3,0.8867,88.7
Z0622,20,Darlinghurst,-33.876723,151.221515,103.0,1.72,123.2,6.5,132.5,2.05,20.2,0.34,6.5,16.4,0.8362,83.6
Z0623,20,Surry Hills,-33.883278,151.212972,123.0,2.05,144.7,9.8,157.8,2.41,21.7,0.36,9.8,15.0,0.8501,85.0
Z0624,23,Surry Hills,-33.88422,151.21476,120.3,2.01,133.4,6.9,142.7,2.22,13.1,0.22,6.9,9.8,0.902,90.2
Z0625,18,Surry Hills,-33.893557,151.216193,118.8,1.98,141.0,14.4,156.5,2.35,22.2,0.37,14.4,15.7,0.8426,84.3
Z0626,21,Surry Hills,-33.893898,151.21824,156.3,2.61,174.3,12.3,189.8,2.9,18.0,0.3,12.3,10.3,0.8969,89.7
Z0627,15,Surry Hills,-33.888145,151.220334,118.9,1.98,129.2,7.1,135.1,2.15,10.4,0.17,7.1,8.0,0.9197,92.0
Z0628,15,Surry Hills,-33.890597,151.221023,205.8,3.43,242.6,27.1,279.0,4.04,36.8,0.61,27.1,15.2,0.8483,84.8
Z0629,17,Darlinghurst,-33.880012,151.218335,87.2,1.45,94.9,5.4,101.0,1.58,7.7,0.13,5.4,8.1,0.9189,91.9
Z0630,19,Darlinghurst,-33.879901,151.21974,116.5,1.94,140.3,8.2,150.3,2.34,23.8,0.4,8.2,17.0,0.8305,83.0
Z0631,23,Glebe,-33.872933,151.184498,204.0,3.4,232.5,14.6,245.8,3.87,28.4,0.47,14.6,12.2,0.8777,87.8
Z0632,19,Double Bay,-33.876836,151.25076,165.8,2.76,200.9,13.4,217.5,3.35,35.0,0.58,13.4,17.4,0.8255,82.6
Z0633,20,Darlinghurst,-33.870236,151.22281,135.5,2.26,154.5,8.6,166.6,2.58,19.0,0.32,8.6,12.3,0.877,87.7
Z0634,19,Surry Hills,-33.88191,151.216396,135.2,2.25,161.5,12.7,181.2,2.69,26.3,0.44,12.7,16.3,0.8371,83.7
Z0635,25,Surry Hills,-33.883343,151.21664,106.1,1.77,129.4,6.1,136.4,2.16,23.3,0.39,6.1,18.0,0.8202,82.0
Z0636,22,Darlinghurst,-33.885142,151.220031,124.2,2.07,137.4,9.7,153.0,2.29,13.2,0.22,9.7,9.6,0.9039,90.4
Z0637,18,Surry Hills,-33.883529,151.22107,87.3,1.46,98.3,7.5,107.0,1.64,11.0,0.18,7.5,11.2,0.8879,88.8
Z0638,16,Paddington,-33.884507,151.222244,128.2,2.14,162.9,17.4,187.3,2.71,34.7,0.58,17.4,21.3,0.787,78.7
Z0639,14,Waterloo,-33.903326,151.20832,84.1,1.4,96.0,3.9,101.3,1.6,11.9,0.2,3.9,12.4,0.8756,87.6
Z0640,15,Sydney CBD,-33.875945,151.208962,166.0,2.77,190.8,23.6,221.2,3.18,24.8,0.41,23.6,13.0,0.8698,87.0
Z0641,23,Darlinghurst,-33.873243,151.211615,135.9,2.27,163.4,9.1,176.1,2.72,27.5,0.46,9.1,16.8,0.8317,83.2
Z0642,21,Sydney CBD,-33.86938,151.219531,124.1,2.07,145.8,11.8,161.3,2.43,21.7,0.36,11.8,14.9,0.8511,85.1
Z0643,19,Darlinghurst,-33.870918,151.220281,115.5,1.93,131.7,9.9,141.2,2.19,16.1,0.27,9.9,12.3,0.8774,87.7
Z0644,15,Darlinghurst,-33.875895,151.218076,73.4,1.22,76.7,2.1,78.8,1.28,3.3,0.06,2.1,4.3,0.9567,95.7
Z0645,19,Darlinghurst,-33.876591,151.216774,83.6,1.39,105.3,10.6,118.1,1.75,21.6,0.36,10.6,20.5,0.7946,79.5
Z0646,17,Surry Hills,-33.888949,151.209966,104.9,1.75,123.1,8.4,134.5,2.05,18.3,0.3,8.4,14.8,0.8518,85.2
Z0647,20,Darlinghurst,-33.878828,151.225722,136.4,2.27,159.0,13.4,181.4,2.65,22.7,0.38,13.4,14.3,0.8575,85.7
Z0648,22,Darlinghurst,-33.876734,151.223695,120.7,2.01,132.3,6.1,140.8,2.2,11.6,0.19,6.1,8.8,0.9124,91.2
Z0649,23,Paddington,-33.881774,151.221595,161.2,2.69,178.5,9.2,187.8,2.97,17.3,0.29,9.2,9.7,0.9033,90.3
Z0650,21,Darlinghurst,-33.882452,151.219429,123.8,2.06,147.4,12.5,164.0,2.46,23.7,0.39,12.5,16.1,0.8393,83.9
Z0651,25,Surry Hills,-33.884911,151.218195,144.0,2.4,184.0,11.2,200.7,3.07,40.0,0.67,11.2,21.7,0.7826,78.3
Z0652,23,Surry Hills,-33.885745,151.216661,143.2,2.39,155.3,6.9,163.6,2.59,12.1,0.2,6.9,7.8,0.9221,92.2
Z0653,16,Surry Hills,-33.882607,151.210328,153.1,2.55,166.4,10.9,179.8,2.77,13.4,0.22,10.9,8.0,0.9197,92.0
Z0654,19,Surry Hills,-33.881421,151.21068,117.8,1.96,129.5,10.1,149.8,2.16,11.7,0.2,10.1,9.1,0.9095,90.9
Z0655,17,Darlinghurst,-33.874248,151.217869,101.6,1.69,128.7,12.2,142.6,2.15,27.2,0.45,12.2,21.1,0.7889,78.9
Z0656,16,Darlinghurst,-33.876037,151.21907,146.3,2.44,171.2,15.3,200.7,2.85,24.9,0.41,15.3,14.5,0.8548,85.5
Z0657,20,Darlinghurst,-33.879386,151.212709,135.2,2.25,159.6,12.4,176.3,2.66,24.5,0.41,12.4,15.3,0.8467,84.7
Z0658,21,Surry Hills,-33.881706,151.207305,249.4,4.16,303.2,31.9,349.3,5.05,53.8,0.9,31.9,17.8,0.8225,82.2
Z0659,25,Surry Hills,-33.878837,151.209657,171.6,2.86,205.5,16.4,222.8,3.43,34.0,0.57,16.4,16.5,0.8348,83.5
Z0660,16,Sydney CBD,-33.870499,151.199427,159.3,2.66,191.2,15.7,213.3,3.19,31.8,0.53,15.7,16.7,0.8334,83.3
Z0661,24,Sydney CBD,-33.868692,151.203148,222.7,3.71,274.7,20.8,292.7,4.58,52.0,0.87,20.8,18.9,0.8108,81.1
Z0662,15,Double Bay,-33.872315,151.247512,133.0,2.22,146.7,7.4,159.1,2.44,13.7,0.23,7.4,9.3,0.9066,90.7
Z0663,22,Darlinghurst,-33.880243,151.227708,138.5,2.31,166.8,12.4,181.5,2.78,28.4,0.47,12.4,17.0,0.83,83.0
Z0664,14,Alexandria,-33.898749,151.188528,160.8,2.68,192.7,17.9,221.0,3.21,31.9,0.53,17.9,16.5,0.8346,83.5
Z0665,18,Glebe,-33.882889,151.194512,133.3,2.22,174.1,11.7,186.7,2.9,40.8,0.68,11.7,23.4,0.7655,76.6
Z0666,14,Darlinghurst,-33.874436,151.227232,93.1,1.55,108.8,9.3,121.3,1.81,15.7,0.26,9.3,14.4,0.8558,85.6
Z0667,23,Paddington,-33.88466,151.224983,143.3,2.39,165.6,10.9,180.1,2.76,22.3,0.37,10.9,13.5,0.8655,86.5
Z0668,25,Sydney CBD,-33.861186,151.215913,218.8,3.65,271.0,16.8,292.2,4.52,52.3,0.87,16.8,19.3,0.8071,80.7
Z0669,22,Surry Hills,-33.889055,151.217946,158.7,2.65,192.2,11.2,208.5,3.2,33.5,0.56,11.2,17.4,0.8257,82.6
Z0670,18,Surry Hills,-33.890563,151.215593,116.4,1.94,145.0,12.1,161.8,2.42,28.7,0.48,12.1,19.8,0.8024,80.2
Z0671,17,Darlinghurst,-33.875593,151.222369,88.2,1.47,97.5,7.5,107.4,1.62,9.2,0.15,7.5,9.5,0.9054,90.5
Z0672,23,Darlinghurst,-33.874572,151.223714,108.0,1.8,119.3,7.2,126.6,1.99,11.3,0.19,7.2,9.5,0.9055,90.5
Z0673,21,Surry Hills,-33.885018,151.206095,141.1,2.35,156.7,10.7,168.4,2.61,15.6,0.26,10.7,10.0,0.9004,90.0
Z0674,15,Sydney CBD,-33.876288,151.209879,96.4,1.61,117.4,7.9,127.1,1.96,21.0,0.35,7.9,17.9,0.8212,82.1
Z0675,25,Sydney CBD,-33.864198,151.202141,240.1,4.0,262.7,9.7,271.1,4.38,22.6,0.38,9.7,8.6,0.9139,91.4
Z0676,18,Darlinghurst,-33.874125,151.221733,108.6,1.81,122.0,8.5,134.0,2.03,13.5,0.22,8.5,11.0,0.8896,89.0
Z0677,18,Sydney CBD,-33.848489,151.213617,441.5,7.36,509.1,36.9,543.2,8.48,67.5,1.13,36.9,13.3,0.8674,86.7
Z0678,17,Waterloo,-33.893013,151.197211,133.4,2.22,148.0,6.6,154.4,2.47,14.6,0.24,6.6,9.9,0.9015,90.1
Z0679,18,Surry Hills,-33.893792,151.19894,143.2,2.39,166.4,8.0,173.3,2.77,23.2,0.39,8.0,13.9,0.8607,86.1
Z0680,18,Darlinghurst,-33.87933,151.221678,108.7,1.81,114.8,4.7,120.5,1.91,6.1,0.1,4.7,5.3,0.9468,94.7
Z0681,22,Darlinghurst,-33.878578,151.223072,107.4,1.79,115.0,6.5,123.3,1.92,7.6,0.13,6.5,6.6,0.9341,93.4
Z0682,22,Darlinghurst,-33.877179,151.214481,136.2,2.27,161.3,13.7,177.7,2.69,25.1,0.42,13.7,15.6,0.8444,84.4
Z0683,23,Surry Hills,-33.886433,151.199977,134.4,2.24,156.8,14.1,170.9,2.61,22.3,0.37,14.1,14.3,0.8575,85.7
Z0684,24,Double Bay,-33.868339,151.237737,264.8,4.41,335.5,20.2,365.0,5.59,70.7,1.18,20.2,21.1,0.7893,78.9
Z0685,20,Alexandria,-33.912523,151.192108,146.0,2.43,164.8,8.2,175.3,2.75,18.8,0.31,8.2,11.4,0.8861,88.6
Z0686,23,Surry Hills,-33.892076,151.201371,103.0,1.72,123.5,10.2,131.2,2.06,20.5,0.34,10.2,16.6,0.8341,83.4
Z0687,15,Surry Hills,-33.890594,151.2008,110.4,1.84,126.8,7.7,136.3,2.11,16.4,0.27,7.7,12.9,0.8707,87.1
Z0688,24,Sydney CBD,-33.865973,151.217766,194.5,3.24,225.7,10.2,234.6,3.76,31.2,0.52,10.2,13.8,0.8617,86.2
Z0689,15,Sydney CBD,-33.86992,151.216874,219.6,3.66,263.5,34.8,304.3,4.39,43.9,0.73,34.8,16.7,0.8333,83.3
Z0690,15,Sydney CBD,-33.867847,151.218098,152.7,2.54,185.0,12.8,201.9,3.08,32.3,0.54,12.8,17.5,0.8251,82.5
Z0691,16,Glebe,-33.885094,151.197439,144.0,2.4,177.7,21.2,213.3,2.96,33.7,0.56,21.2,18.9,0.8105,81.1
Z0692,15,Paddington,-33.889674,151.227134,122.5,2.04,148.1,8.4,158.7,2.47,25.6,0.43,8.4,17.3,0.8272,82.7
Z0693,20,Paddington,-33.880377,151.232329,121.5,2.03,140.2,12.2,154.2,2.34,18.7,0.31,12.2,13.3,0.8665,86.7
Z0694,15,Darlinghurst,-33.881409,151.234284,164.5,2.74,184.8,21.6,218.3,3.08,20.3,0.34,21.6,11.0,0.89,89.0
